Cod_Block,Fecha_Block,hash_previo,hash_actual,Nonce,ID_Tran,Monto,Emisor,Receptor,Fecha_tran
1,2010/05/22 08:00,00000000000000000000000000000000000000000000000000000000,00001234567890abcdef1234567890ab4567d0e23cf1bc24567890ad,67891,1,572.9,Ava,Ethan,2010/05/22 08:00
1,2010/05/22 08:00,00001234567890abcdef1234567890ab4567d0e23cf1bc24567890ad,000034567890abcdef1234567890abcdef1a89d2c7e34567890abc4e,54322,2,375.9,Liam,Olivia,2010/06/15 16:30
1,2010/05/22 08:00,000034567890abcdef1234567890abcdef1a89d2c7e34567890abc4e,0000f1234567890ab34567890abcdef123d7a9b56cfe90c4567890ab,17654,3,493.2,Alejandro,Sofía,2010/07/12 13:40
1,2010/05/22 08:00,0000f1234567890ab34567890abcdef123d7a9b56cfe90c4567890ab,000001234567890ab67890abcdef12345678c90dfe4567890ab23231,98765,4,3678.75,David,Olivia,2010/12/24 12:00
1,2010/05/22 08:00,000001234567890ab67890abcdef12345678c90dfe4567890ab23231,0000a7b4f812c903d6ab89ef067890d1234567890abcdef123456111,23453,5,680.4,Emma,Liam,2011/04/12 11:50
1,2010/05/22 08:00,0000a7b4f812c903d6ab89ef067890d1234567890abcdef123456111,0000b908a12c3d4ef56ab7890cdef1234567890abcdef12345678923,56789,6,1234,Jane,Liam,2011/07/25 09:00
1,2010/05/22 08:00,0000b908a12c3d4ef56ab7890cdef1234567890abcdef12345678923,00001d2e3f4a5b6c7890cdefg7890abc1234567890abcdef12345612,87654,7,987.5,Noah,Emma,2011/09/20 09:50
1,2010/05/22 08:00,00001d2e3f4a5b6c7890cdefg7890abc1234567890abcdef12345612,00004b5c6d7890a12e3f4567890abcdef1234567890abcdef1237892,26789,8,129.75,Lucas,Valentina,2011/10/27 10:55
1,2010/05/22 08:00,00004b5c6d7890a12e3f4567890abcdef1234567890abcdef1237892,0000d56ef7a8901b2890cdef567890abcdef1234567890ab45673ada,12345,9,249.5,John,Emma,2012/05/16 08:30
1,2010/05/22 08:00,0000d56ef7a8901b2890cdef567890abcdef1234567890ab45673ada,00009a8bcf4567890abcdef1234567890ab4567d0e23cf1bc2456789,89012,10,103.25,Noah,Sophia,2013/07/20 18:20
1,2010/05/22 08:00,00009a8bcf4567890abcdef1234567890ab4567d0e23cf1bc2456789,00004567890abcdef1234567890ab4567d0e23cf1bc24567890aasdf,98763,11,256.78,David,Sarah,2015/03/10 14:25
1,2010/05/22 08:00,00004567890abcdef1234567890ab4567d0e23cf1bc24567890aasdf,0000def1234567890abcdef1234567890abcdef1a89d2c7e34562231,12342,12,159.5,Noah,Olivia,2018/11/05 17:55
2,2010/09/27 13:30,0000def1234567890abcdef1234567890abcdef1a89d2c7e34562231,0000234567890abcdef123d7a9b56cfe90c4567890abcdef1234asdf,43211,1,256.78,Liam,Isabella,2010/09/27 13:30
2,2010/09/27 13:30,0000234567890abcdef123d7a9b56cfe90c4567890abcdef1234asdf,00007890abcdef12345678c90dfe4567890ab234567890abcdef1234,98766,2,256.78,Lucas,Sophia,2011/07/05 12:10
2,2010/09/27 13:30,00007890abcdef12345678c90dfe4567890ab234567890abcdef1234,00004567890abcdef1234567890abcdef123d1234567890abcdef755,67897,3,680.4,Sophia,Liam,2012/01/07 08:50
2,2010/09/27 13:30,00004567890abcdef1234567890abcdef123d1234567890abcdef755,00007890abcdef1234567890abcdef1234567890abcdef1234567548,56784,4,478.9,Emma,Liam,2012/08/20 09:40
2,2010/09/27 13:30,00007890abcdef1234567890abcdef1234567890abcdef1234567548,0000890abcdef1234567890abcdef1234567890abcdef12345678547,78901,5,89.2,Michael,Ava,2013/11/30 17:00
2,2010/09/27 13:30,0000890abcdef1234567890abcdef1234567890abcdef12345678547,0000c1234567890abcdef1234567890abcdef1237890abcdef123879,89012,6,281.5,Noah,Emily,2013/12/05 16:30
2,2010/09/27 13:30,0000c1234567890abcdef1234567890abcdef1237890abcdef123879,0000abcdef1234567890abcdef1234567890ab4567d0e23cf1bc256a,34561,7,678.4,Ava,Ethan,2013/10/10 08:40
2,2010/09/27 13:30,0000abcdef1234567890abcdef1234567890ab4567d0e23cf1bc256a,0000cdef1234567890abcdef1234567890ab4567d0e23cf1asdf4bc2,56789,8,1234,Jane,Liam,2015/09/12 10:45
2,2010/09/27 13:30,0000cdef1234567890abcdef1234567890ab4567d0e23cf1asdf4bc2,0000890abcdef1234567890abcdef1234567890abcdef123456124f7,34564,9,128.75,Emma,William,2017/02/15 14:40
2,2010/09/27 13:30,0000890abcdef1234567890abcdef1234567890abcdef123456124f7,0000567890abcdef1234567890abcdef1237890abcdef12345678123,34567,10,5000,Sarah,Noah,2018/03/18 15:00
3,2011/10/17 15:45,0000567890abcdef1234567890abcdef1237890abcdef12345678123,0000234567890abcdef123d7a9b56cfe90c4567890abcdef123abc89,65423,1,159.5,Emma,Liam,2011/10/17 15:45
3,2011/10/17 15:45,0000234567890abcdef123d7a9b56cfe90c4567890abcdef123abc89,00007890abcdef12345678c90dfe4567890ab234567890abcdef1785,78901,2,89.2,Michael,Ava,2010/12/24 17:00
3,2011/10/17 15:45,00007890abcdef12345678c90dfe4567890ab234567890abcdef1785,00007890abcdef1234567890abcdef1234567890abcdef123afd4567,56789,3,1234,Jane,Liam,2011/07/25 09:00
3,2011/10/17 15:45,00007890abcdef1234567890abcdef1234567890abcdef123afd4567,0000890abcdef1234567890abcdef1234567890abcbbadef12345678,67895,4,572.9,Emily,Alexander,2011/10/17 15:45
3,2011/10/17 15:45,0000890abcdef1234567890abcdef1234567890abcbbadef12345678,0000abcdef1234567890abcdef1234567890ab4567d0e23cf1bc11a2,12345,5,249.5,John,Emma,2012/05/16 08:30
3,2011/10/17 15:45,0000abcdef1234567890abcdef1234567890ab4567d0e23cf1bc11a2,0000c1234567890abcdef1234567890abcdef1231237890abcdef123,78902,6,750,Liam,Sarah,2012/11/17 16:50
3,2011/10/17 15:45,0000c1234567890abcdef1234567890abcdef1231237890abcdef123,00007890abcdef1234567890abcdef1234567890abcd1abef1234567,78901,7,89.2,Michael,Ava,2013/11/30 17:00
3,2011/10/17 15:45,00007802a3d62a880bcf5747b80ed2b8457107f38e980bf044e8869f,000048289bfb08775b6e750f4b86d8df715ed321432e985fd3304ba8,78906,8,750,Lucas,Ava,2014/06/18 12:35
3,2011/10/17 15:45,000048289bfb08775b6e750f4b86d8df715ed321432e985fd3304ba8,000067159e627cefcc38834cab3b1766d7161bb007efd82445d6ba85,56783,9,932.7,Aiden,Olivia,2016/04/14 13:10
3,2011/10/17 15:45,000067159e627cefcc38834cab3b1766d7161bb007efd82445d6ba85,0000c41c46ffbfc072f06f19e9081f81e7527a07fca77fde728be2af,12342,10,389.2,Ava,Liam,2018/02/23 11:55
3,2011/10/17 15:45,0000c41c46ffbfc072f06f19e9081f81e7527a07fca77fde728be2af,0000990348214ff6b85e35da2b1fc94bbb4a988c8645199347edd27d,43211,11,389.2,Liam,Sophia,2019/08/08 19:05
4,2013/01/26 13:45,0000990348214ff6b85e35da2b1fc94bbb4a988c8645199347edd27d,000060a5365ef6c2a699e94e345f9b10fd886bde4511587c361d5542,34321,1,281.5,Noah,Oliver,2013/01/26 13:45
4,2013/01/26 13:45,000060a5365ef6c2a699e94e345f9b10fd886bde4511587c361d5542,0000ea2ede417bb1be4c8d316a399d3716c8ac3cb0742d4294ff5bb5,56789,2,1234,Jane,Liam,2011/07/25 09:00
4,2013/01/26 13:45,0000ea2ede417bb1be4c8d316a399d3716c8ac3cb0742d4294ff5bb5,00002ebf33f4ce2c73090a931b22a8597723d41f654881e81ffa3e6e,48901,3,103.25,Emily,Liam,2013/01/26 13:45
4,2013/01/26 13:45,00002ebf33f4ce2c73090a931b22a8597723d41f654881e81ffa3e6e,0000df7c88be1b84dc197e9cacdf23d5574d1f9c26226f28ca27a8a4,56759,4,1233,Jane,Liam,2015/09/12 10:45
4,2013/01/26 13:45,0000df7c88be1b84dc197e9cacdf23d5574d1f9c26226f28ca27a8a4,0000fa246efa647b2a7458312612d2a25f04fa10dcd295a3c2e2cac0,34562,5,103.25,Sophia,Michael,2017/01/30 10:15
4,2013/01/26 13:45,0000fa246efa647b2a7458312612d2a25f04fa10dcd295a3c2e2cac0,000085d7f49ae3a7cd75f6ae1bf7b313d170b17f79d4538a8482ace1,34563,6,478.9,Oliver,Emma,2017/08/11 10:25
4,2013/01/26 13:45,000085d7f49ae3a7cd75f6ae1bf7b313d170b17f79d4538a8482ace1,0000f360ba11ac9ba78d9e8cae2582b79ffde4ee47bc0185e55b9671,34567,7,5000,Sarah,Juan,2018/03/18 15:00
4,2013/01/26 13:45,0000f360ba11ac9ba78d9e8cae2582b79ffde4ee47bc0185e55b9671,000078bd48a5927c0fe994472238e98cfab0cf06bebc0b5fcae950f1,34570,8,5000,Sarah,Noah,2019/08/06 15:00
5,2013/03/12 13:45,000078bd48a5927c0fe994472238e98cfab0cf06bebc0b5fcae950f1,0000fdc5da7f840556a3c975622ef2d59b8f176c564ed840d6957543,56790,1,1234,Manuel,Liam,2014/07/05 09:25
5,2013/03/12 13:45,0000fdc5da7f840556a3c975622ef2d59b8f176c564ed840d6957543,0000f6cd0901eeaf883a1ef4c6177ccbb998754f66c82fb971f70f91,56789,2,1237,Jane,Liam,2011/07/25 09:00
5,2013/03/12 13:45,0000f6cd0901eeaf883a1ef4c6177ccbb998754f66c82fb971f70f91,0000e50eebc89f38acb395a3752369ab4b7d5e583717168242a476d5,23451,3,932.7,Sophia,Aiden,2012/04/30 15:05
5,2013/03/12 13:45,0000e50eebc89f38acb395a3752369ab4b7d5e583717168242a476d5,0000629e16e6ed5693c3fc337a940444e984d7310c6aabf17fee2e41,12345,4,249.5,John,Emma,2012/05/16 08:30
5,2013/03/12 13:45,0000629e16e6ed5693c3fc337a940444e984d7310c6aabf17fee2e41,0000615d9fd023336725804dad2ffa1d0a567429dd0f3fbf011c204a,78901,5,89.2,Michael,Ava,2013/11/30 17:00
5,2013/03/12 13:45,0000615d9fd023336725804dad2ffa1d0a567429dd0f3fbf011c204a,00004e48d5eb687b431bd3059d0a387069d5966d9431bcd9c553473c,67892,6,572.9,Ava,Liam,2014/07/05 09:25
5,2013/03/12 13:45,00004e48d5eb687b431bd3059d0a387069d5966d9431bcd9c553473c,0000a3d4745182b67ba2eb97dedebdd085825fe71530b27767e2f14e,56789,7,1234,Jane,Liam,2015/09/12 10:45
5,2013/03/12 13:45,0000a3d4745182b67ba2eb97dedebdd085825fe71530b27767e2f14e,00001fd2fdd1593b27b62d53c1fc55bb7539d854a91a7a48346c6a46,34567,8,5000,Sarah,Noah,2018/03/18 15:00
5,2013/03/12 13:45,00001fd2fdd1593b27b62d53c1fc55bb7539d854a91a7a48346c6a46,0000223de3f1ed1446f3f64400f2133fed730f75e595e9a3828bc2c3,34567,9,5000,Sarah,Valentina,2019/08/06 15:00
5,2013/03/12 13:45,0000223de3f1ed1446f3f64400f2133fed730f75e595e9a3828bc2c3,0000a5aad76ee9ea47c69c05bba7ccd3c7c9c08979e2021df081ba53,78901,10,89.2,Michael,Ava,2022/02/20 17:00
6,2014/07/05 00:13,0000a5aad76ee9ea47c69c05bba7ccd3c7c9c08979e2021df081ba53,00001234567890abcdef1234567890ab4567d0e23cf1bc24567890ad,84134,1,2757.78,Jenna,Eddy,2014/06/03 09:00
6,2014/07/05 10:16,00001234567890abcdef1234567890ab4567d0e23cf1bc24567890ad,000034567890abcdef1234567890abcdef1a89d2c7e34567890abc4e,60037,2,3117.32,Melanie,Blake,2014/06/17 18:30
6,2014/07/05 10:16,000034567890abcdef1234567890abcdef1a89d2c7e34567890abc4e,0000f1234567890ab34567890abcdef123d7a9b56cfe90c4567890ab,20554,3,3527.85,David,Kate,2014/07/27 16:15
6,2014/07/05 10:16,0000f1234567890ab34567890abcdef123d7a9b56cfe90c4567890ab,000001234567890ab67890abcdef12345678c90dfe4567890ab23231,92544,4,2537.96,Reid,Camila,2014/08/30 11:30
6,2014/07/05 10:16,000001234567890ab67890abcdef12345678c90dfe4567890ab23231,0000a7b4f812c903d6ab89ef067890d1234567890abcdef123456111,71360,5,1511.02,Stuart,George,2014/10/23 20:30
7,2014/08/05 11:32,0000a7b4f812c903d6ab89ef067890d1234567890abcdef123456111,0000b908a12c3d4ef56ab7890cdef1234567890abcdef12345678923,66031,1,4785.48,Preston,Elian,2016/09/02 14:00
7,2014/08/05 11:32,0000b908a12c3d4ef56ab7890cdef1234567890abcdef12345678923,00001d2e3f4a5b6c7890cdefg7890abc1234567890abcdef12345612,88313,2,2213.01,Jenna,Stuart,2017/08/10 16:45
7,2014/08/05 11:32,00001d2e3f4a5b6c7890cdefg7890abc1234567890abcdef12345612,00004b5c6d7890a12e3f4567890abcdef1234567890abcdef1237892,14061,3,1642.84,Alford,Patrick,2019/03/28 11:15
7,2014/08/05 11:32,00004b5c6d7890a12e3f4567890abcdef1234567890abcdef1237892,0000d56ef7a8901b2890cdef567890abcdef1234567890ab45673ada,13570,4,2677.58,Deanna,Frederick,2021/06/19 08:45
7,2014/08/05 11:32,0000d56ef7a8901b2890cdef567890abcdef1234567890ab45673ada,00009a8bcf4567890abcdef1234567890ab4567d0e23cf1bc2456789,30403,5,3724.76,Valeria,Sienna,2022/01/12 19:30
8,2014/09/07 15:00,00009a8bcf4567890abcdef1234567890ab4567d0e23cf1bc2456789,00004567890abcdef1234567890ab4567d0e23cf1bc24567890aasdf,62254,1,1330.93,Samantha,Dainton,2015/07/12 10:30
8,2014/09/07 15:00,00004567890abcdef1234567890ab4567d0e23cf1bc24567890aasdf,0000def1234567890abcdef1234567890abcdef1a89d2c7e34562231,14666,2,3282.12,Violet,Fiona,2018/04/03 13:00
8,2014/09/07 15:00,0000def1234567890abcdef1234567890abcdef1a89d2c7e34562231,0000234567890abcdef123d7a9b56cfe90c4567890abcdef1234asdf,40527,3,3462.39,Stuart,Honey,2020/11/28 15:45
8,2014/09/07 15:00,0000234567890abcdef123d7a9b56cfe90c4567890abcdef1234asdf,00007890abcdef12345678c90dfe4567890ab234567890abcdef1234,45116,4,3299.22,Sophia,Vincent,2022/07/30 17:15
9,2014/10/10 17:20,00007890abcdef12345678c90dfe4567890ab234567890abcdef1234,00004567890abcdef1234567890abcdef123d1234567890abcdef755,64466,1,2352.87,Garry,Sabrina,2016/02/18 12:15
9,2014/10/10 17:20,00004567890abcdef1234567890abcdef123d1234567890abcdef755,00007890abcdef1234567890abcdef1234567890abcdef1234567548,13594,2,1248.64,Florrie,Jessica,2017/12/09 09:00
9,2014/10/10 17:20,00007890abcdef1234567890abcdef1234567890abcdef1234567548,0000890abcdef1234567890abcdef1234567890abcdef12345678547,32276,3,1006.13,Martin,Chester,2019/09/14 11:45
9,2014/10/10 17:20,0000890abcdef1234567890abcdef1234567890abcdef12345678547,0000c1234567890abcdef1234567890abcdef1237890abcdef123879,55405,4,2147.73,Marcus,Rebecca,2021/05/02 16:30
10,2014/11/12 19:28,0000c1234567890abcdef1234567890abcdef1237890abcdef123879,0000abcdef1234567890abcdef1234567890ab4567d0e23cf1bc256a,92033,1,4897.49,Alissa,Melissa,2015/12/01 09:15
10,2014/11/12 19:28,0000abcdef1234567890abcdef1234567890ab4567d0e23cf1bc256a,0000cdef1234567890abcdef1234567890ab4567d0e23cf1asdf4bc2,38534,2,3452.25,Anna,Camila,2015/12/01 09:15
10,2014/11/12 19:28,0000cdef1234567890abcdef1234567890ab4567d0e23cf1asdf4bc2,0000890abcdef1234567890abcdef1234567890abcdef123456124f7,54392,3,4033.81,Michelle,Honey,2017/03/26 14:00
10,2014/11/12 19:28,0000890abcdef1234567890abcdef1234567890abcdef123456124f7,0000567890abcdef1234567890abcdef1237890abcdef12345678123,58164,4,4711.34,Lyndon,Chester,2018/11/07 10:00
10,2014/11/12 19:28,0000567890abcdef1234567890abcdef1237890abcdef12345678123,0000234567890abcdef123d7a9b56cfe90c4567890abcdef123abc89,80798,5,1320.51,Chloe,Audrey,2022/03/15 13:30
10,2014/11/12 19:28,0000234567890abcdef123d7a9b56cfe90c4567890abcdef123abc89,00007890abcdef12345678c90dfe4567890ab234567890abcdef1785,41236,6,1107.35,Julia,Melissa,2022/04/02 09:42
10,2014/11/12 19:28,00007890abcdef12345678c90dfe4567890ab234567890abcdef1785,00007890abcdef1234567890abcdef1234567890abcdef123afd4567,30459,7,2772.86,Rubie,Belinda,2022/05/13 15:13
11,2014/12/23 23:18,00007890abcdef1234567890abcdef1234567890abcdef123afd4567,0000890abcdef1234567890abcdef1234567890abcbbadef12345678,73725,1,1801.73,Vanessa,Natalie,2014/12/23 09:00
11,2014/12/23 23:18,0000890abcdef1234567890abcdef1234567890abcbbadef12345678,0000abcdef1234567890abcdef1234567890ab4567d0e23cf1bc11a2,19779,2,3015.06,Arianna,Arthur,2014/12/24 18:30
11,2014/12/23 23:18,0000abcdef1234567890abcdef1234567890ab4567d0e23cf1bc11a2,0000c1234567890abcdef1234567890abcdef1231237890abcdef123,52015,3,2699.18,Adam,Tyler,2014/12/24 16:15
11,2014/12/23 23:18,0000c1234567890abcdef1234567890abcdef1231237890abcdef123,00007890abcdef1234567890abcdef1234567890abcd1abef1234567,91849,4,2717.93,James,Lucia,2014/12/24 11:30
11,2014/12/23 23:18,00007802a3d62a880bcf5747b80ed2b8457107f38e980bf044e8869f,000048289bfb08775b6e750f4b86d8df715ed321432e985fd3304ba8,45472,5,4780.55,Eleanor,Eddy,2014/12/24 20:30
11,2014/12/23 23:18,000048289bfb08775b6e750f4b86d8df715ed321432e985fd3304ba8,000067159e627cefcc38834cab3b1766d7161bb007efd82445d6ba85,28331,6,1595.04,Maddie,Alfred,2014/12/25 14:00
11,2014/12/23 23:18,000067159e627cefcc38834cab3b1766d7161bb007efd82445d6ba85,0000c41c46ffbfc072f06f19e9081f81e7527a07fca77fde728be2af,37522,7,1345.12,Camila,Amelia,2015/02/26 09:15
11,2014/12/23 23:18,0000c41c46ffbfc072f06f19e9081f81e7527a07fca77fde728be2af,0000990348214ff6b85e35da2b1fc94bbb4a988c8645199347edd27d,41216,8,4191.94,Michael,Mike,2015/03/29 18:45
11,2014/12/23 23:18,0000990348214ff6b85e35da2b1fc94bbb4a988c8645199347edd27d,000060a5365ef6c2a699e94e345f9b10fd886bde4511587c361d5542,28132,9,2555.65,Maximilian,Cadie,2015/04/08 16:30
11,2014/12/23 23:18,000060a5365ef6c2a699e94e345f9b10fd886bde4511587c361d5542,0000ea2ede417bb1be4c8d316a399d3716c8ac3cb0742d4294ff5bb5,97485,10,1355.88,Garry,Thomas,2015/08/04 16:45
11,2014/12/23 23:18,0000ea2ede417bb1be4c8d316a399d3716c8ac3cb0742d4294ff5bb5,00002ebf33f4ce2c73090a931b22a8597723d41f654881e81ffa3e6e,62853,11,2658.83,Lydia,Sydney,2015/08/19 14:15
11,2014/12/23 23:18,00002ebf33f4ce2c73090a931b22a8597723d41f654881e81ffa3e6e,0000df7c88be1b84dc197e9cacdf23d5574d1f9c26226f28ca27a8a4,24380,12,1052.56,April,Mike,2016/01/10 19:00
11,2014/12/23 23:18,0000df7c88be1b84dc197e9cacdf23d5574d1f9c26226f28ca27a8a4,0000fa246efa647b2a7458312612d2a25f04fa10dcd295a3c2e2cac0,44921,13,2785.66,Elise,Audrey,2016/03/10 12:00
11,2014/12/23 23:18,0000fa246efa647b2a7458312612d2a25f04fa10dcd295a3c2e2cac0,000085d7f49ae3a7cd75f6ae1bf7b313d170b17f79d4538a8482ace1,98656,14,4820.09,Catherine,Melanie,2016/05/02 14:30
12,2015/02/15 09:18,000085d7f49ae3a7cd75f6ae1bf7b313d170b17f79d4538a8482ace1,0000f360ba11ac9ba78d9e8cae2582b79ffde4ee47bc0185e55b9671,71408,1,3395.16,Emily,Thomas,2015/04/05 08:30
12,2015/02/15 09:18,0000f360ba11ac9ba78d9e8cae2582b79ffde4ee47bc0185e55b9671,000078bd48a5927c0fe994472238e98cfab0cf06bebc0b5fcae950f1,36595,2,4170.72,Alina,Sam,2015/04/16 14:45
12,2015/02/15 09:18,000078bd48a5927c0fe994472238e98cfab0cf06bebc0b5fcae950f1,0000fdc5da7f840556a3c975622ef2d59b8f176c564ed840d6957543,46925,3,4593.34,Maximilian,Hailey,2015/04/29 10:00
12,2015/02/15 09:18,0000fdc5da7f840556a3c975622ef2d59b8f176c564ed840d6957543,0000f6cd0901eeaf883a1ef4c6177ccbb998754f66c82fb971f70f91,72561,4,4047.95,Emily,Brad,2015/05/10 16:15
12,2015/02/15 09:18,0000f6cd0901eeaf883a1ef4c6177ccbb998754f66c82fb971f70f91,0000e50eebc89f38acb395a3752369ab4b7d5e583717168242a476d5,35832,5,2887.34,Michelle,Eric,2015/06/21 12:30
12,2015/02/15 09:18,0000e50eebc89f38acb395a3752369ab4b7d5e583717168242a476d5,0000629e16e6ed5693c3fc337a940444e984d7310c6aabf17fee2e41,74670,6,4459.89,Arnold,Brad,2015/08/02 18:45
12,2015/02/15 09:18,0000629e16e6ed5693c3fc337a940444e984d7310c6aabf17fee2e41,0000615d9fd023336725804dad2ffa1d0a567429dd0f3fbf011c204a,66314,7,2709.47,Stella,Amanda,2015/09/13 11:00
12,2015/02/15 09:18,0000615d9fd023336725804dad2ffa1d0a567429dd0f3fbf011c204a,00004e48d5eb687b431bd3059d0a387069d5966d9431bcd9c553473c,74665,8,1863.44,Reid,Amber,2015/10/25 17:15
12,2015/02/15 09:18,00004e48d5eb687b431bd3059d0a387069d5966d9431bcd9c553473c,0000a3d4745182b67ba2eb97dedebdd085825fe71530b27767e2f14e,43291,9,3697.45,Jacob,Savana,2015/12/06 13:30
12,2015/02/15 09:18,0000a3d4745182b67ba2eb97dedebdd085825fe71530b27767e2f14e,00001fd2fdd1593b27b62d53c1fc55bb7539d854a91a7a48346c6a46,25681,10,1606.71,Penelope,Cadie,2016/01/17 09:45
13,2015/03/05 02:18,00001fd2fdd1593b27b62d53c1fc55bb7539d854a91a7a48346c6a46,0000223de3f1ed1446f3f64400f2133fed730f75e595e9a3828bc2c3,86875,1,1057.85,Madaline,Amelia,2015/03/20 12:00
13,2015/03/05 02:18,0000223de3f1ed1446f3f64400f2133fed730f75e595e9a3828bc2c3,00002bd4062e0927299fa140eb76cdd464049aa16b2532900fbfd4ad,91211,2,4427.28,John,Alfred,2015/04/10 09:30
13,2015/03/05 02:18,00002bd4062e0927299fa140eb76cdd464049aa16b2532900fbfd4ad,000023fa67aacd5544182a3f8685321444c7ffab7b36166e1fcfe298,20965,3,4579.57,Madaline,Thomas,2015/05/03 16:15
13,2015/03/05 02:18,000023fa67aacd5544182a3f8685321444c7ffab7b36166e1fcfe298,0000460a4cfb9fc2f6bc8c5666064a64f7a0e34c5940ce50f164751d,65324,4,3301.73,Dale,David,2015/05/25 14:30
13,2015/03/05 02:18,0000460a4cfb9fc2f6bc8c5666064a64f7a0e34c5940ce50f164751d,0000028cdc83e9d59102225cacec4deb6be8da7e48a79ba62c9e7dd5,85308,5,4483.06,Natalie,David,2015/06/01 17:45
13,2015/03/05 02:18,0000028cdc83e9d59102225cacec4deb6be8da7e48a79ba62c9e7dd5,0000d04b41c6c1a88b9be11bc44eb3ef6651b9a55453fadafe8cf699,51900,6,2964.21,Dale,Adelaide,2015/06/05 10:15
13,2015/03/05 02:18,0000d04b41c6c1a88b9be11bc44eb3ef6651b9a55453fadafe8cf699,00001b35cd0514afb2f1234650231f6e9dd5749f579db6a35d011ee0,93594,7,3158.87,William,Aiden,2015/07/22 13:30
13,2015/03/05 02:18,00001b35cd0514afb2f1234650231f6e9dd5749f579db6a35d011ee0,0000bee12643d4f5fe09671df9a1ca0a0da8d954fe3c0d4c7009e564,87206,8,4778.74,Luke,Daryl,2015/08/08 11:45
13,2015/03/05 02:18,0000bee12643d4f5fe09671df9a1ca0a0da8d954fe3c0d4c7009e564,0000ac4fea1b126ffef0afe9239acae1339b221a63c69d45722c1e25,47364,9,2200.05,Clark,Annabella,2015/09/18 09:00
13,2015/03/05 02:18,0000ac4fea1b126ffef0afe9239acae1339b221a63c69d45722c1e25,00001a48a6d477bc424e569d1df9a8a8af0a504faf9a67035ae7c483,44824,10,3830.43,Wilson,Alexander,2015/10/30 15:15
13,2015/03/05 02:18,00001a48a6d477bc424e569d1df9a8a8af0a504faf9a67035ae7c483,000015c1059b3bb94dfdfef151231cfd52634d5fd21e0de2acc5ada9,30134,11,1320.37,Lana,Kate,2015/11/12 18:30
13,2015/03/05 02:18,000015c1059b3bb94dfdfef151231cfd52634d5fd21e0de2acc5ada9,000082d1243e4d4497c38edefd143b9d130d8963323d85b506b50c02,37138,12,1517.07,Lenny,Edith,2015/12/15 14:45
13,2015/03/05 02:18,000082d1243e4d4497c38edefd143b9d130d8963323d85b506b50c02,0000b593d354bf4242350581937ccdc847f3e77df0fe11a172d98581,20684,13,2984.77,Carl,Adrianna,2016/01/04 10:00
13,2015/03/05 02:18,0000b593d354bf4242350581937ccdc847f3e77df0fe11a172d98581,0000da0c9645887949af742be4dbb382155e12f8ab7cc717643a05f8,13168,14,3122.42,Preston,Rubie,2016/02/14 12:30
13,2015/03/05 02:18,0000da0c9645887949af742be4dbb382155e12f8ab7cc717643a05f8,00004c540fd8516264e86893287a26529c149b3f528e5eba24e6a1e7,35581,15,4851.12,Deanna,George,2016/03/09 08:45
13,2015/03/05 02:18,00004c540fd8516264e86893287a26529c149b3f528e5eba24e6a1e7,000048b335ad8ddb1da35cd199569ca694aa89a2da7c1ac9484a3592,82231,16,4416.79,Kimberly,Leonardo,2016/04/02 17:00
13,2015/03/05 02:18,000048b335ad8ddb1da35cd199569ca694aa89a2da7c1ac9484a3592,0000c8736dfe8d2425ea80a5f424231d10a0db81724c8364f4bfdc1b,81570,17,1024.39,Victor,Sawyer,2016/05/13 19:15
13,2015/03/05 02:18,0000c8736dfe8d2425ea80a5f424231d10a0db81724c8364f4bfdc1b,0000cc34149240d443574c28aee3cb7b52751d9f418423daf40bf80e,92297,18,4248.67,John,Kirsten,2016/06/08 15:30
13,2015/03/05 02:18,0000cc34149240d443574c28aee3cb7b52751d9f418423daf40bf80e,000085dff15d6e7cca3a569734b6aa7c06c5136793ce4d8dba666d5a,58026,19,2473.65,Henry,Jessica,2016/07/11 10:45
13,2015/03/05 02:18,000085dff15d6e7cca3a569734b6aa7c06c5136793ce4d8dba666d5a,0000d0250216642331239a67f50b4f3584fee19c0264e111ef7005dd,83492,20,2635.05,Eleanor,Luke,2016/08/19 16:00
13,2015/03/05 02:18,0000d0250216642331239a67f50b4f3584fee19c0264e111ef7005dd,0000cd49c4afd2dfdd0799b55a8e2da2eaf78fea6412836f224a1c78,71585,21,4993.95,Paul,Frederick,2016/09/09 13:15
14,2015/05/05 05:18,0000cd49c4afd2dfdd0799b55a8e2da2eaf78fea6412836f224a1c78,0000aa9ae45570cf5eda4e320bee30d0d1903f73fb03e16849197671,68347,1,3381.91,Alfred,Elise,2016/10/07 11:30
14,2015/05/05 05:18,0000aa9ae45570cf5eda4e320bee30d0d1903f73fb03e16849197671,0000bbe28844bbea0ec07bbae1c616db869ad97080fb9fb88888c344,80456,2,4446.41,Walter,Brad,2016/11/22 09:45
14,2015/05/05 05:18,0000bbe28844bbea0ec07bbae1c616db869ad97080fb9fb88888c344,00007648fcfa5600efe237effb87a905cc48c11f45dc3057dbbfbd04,65572,3,4746.68,Nicole,Kristian,2015/05/04 07:30
14,2015/05/05 05:18,00007648fcfa5600efe237effb87a905cc48c11f45dc3057dbbfbd04,00007e191e6af11715e6f464b9961bba89c907c527b17d3dc959ee94,22497,4,2177.37,Henry,Wilson,2015/05/09 12:15
14,2015/05/05 05:18,00007e191e6af11715e6f464b9961bba89c907c527b17d3dc959ee94,00005d6523ae289160b6440dc2121618749d9a5a3e5e536ffd01f355,59658,5,2092.63,Alissa,Julian,2015/05/16 17:00
14,2015/05/05 05:18,00005d6523ae289160b6440dc2121618749d9a5a3e5e536ffd01f355,000063977eb2e8b97c45fa6d9d7fe41055a66123b469173e188b4f71,82390,6,2330.68,Maria,Maria,2015/05/22 09:45
14,2015/05/05 05:18,000063977eb2e8b97c45fa6d9d7fe41055a66123b469173e188b4f71,0000cb12b06376b054c1f86aad1c9d32a5a7ce13345729a0f337b8d3,70635,7,2523.16,Freddie,Edward,2015/05/26 14:30
14,2015/05/05 05:18,0000cb12b06376b054c1f86aad1c9d32a5a7ce13345729a0f337b8d3,0000edaa1aefae3811814cf27a55e9699dd85fa2a6d188a2087f46ee,84934,8,1525.33,Paul,Audrey,2015/06/30 19:15
14,2015/05/05 05:18,0000edaa1aefae3811814cf27a55e9699dd85fa2a6d188a2087f46ee,0000fc4d1a0f2a8d40457c72e1c4c04bb12c1126a5ff3464baa3232a,84629,9,2475.62,Alen,Vanessa,2015/08/05 10:00
14,2015/05/05 05:18,0000fc4d1a0f2a8d40457c72e1c4c04bb12c1126a5ff3464baa3232a,0000aea6af65a90b6bbe89fa8d8d2571b07d0e977c5c174af409f7db,22649,10,4371.27,Jordan,Jared,2015/09/09 14:45
14,2015/05/05 05:18,0000aea6af65a90b6bbe89fa8d8d2571b07d0e977c5c174af409f7db,00002939a9c52395fd8a83577b623d2b5999a4677b7ab2eee6b777b7,16412,11,2536.72,Emma,Ashton,2015/10/15 08:30
14,2015/05/05 05:18,00002939a9c52395fd8a83577b623d2b5999a4677b7ab2eee6b777b7,00008867faf46d21d50cb5cfb8da28d25b73635de59709f109272429,62012,12,3255.25,Marcus,Alan,2015/11/20 13:15
14,2015/05/05 05:18,00008867faf46d21d50cb5cfb8da28d25b73635de59709f109272429,00005277edff2fd7d091a945a9444ea629edd5952c0f84a05f3aad27,49346,13,4417.11,Byron,Vincent,2015/12/25 18:00
14,2015/05/05 05:18,00005277edff2fd7d091a945a9444ea629edd5952c0f84a05f3aad27,00000e0f2d6afef59f6578a35a177383e093d2664c28c55982da211c,25611,14,1095.28,Anna,Madaline,2016/01/30 10:45
14,2015/05/05 05:18,00000e0f2d6afef59f6578a35a177383e093d2664c28c55982da211c,0000752ddb4cf7b8e92f9b8dcf95e6de64ef0b6d7c646d73b58c3676,65805,15,1526.11,Jared,Amber,2016/03/06 15:30
14,2015/05/05 05:18,0000752ddb4cf7b8e92f9b8dcf95e6de64ef0b6d7c646d73b58c3676,00002af33ce8ba31b1f4580584e5a122388140911cb12b50e60b592c,42835,16,2314.28,Maria,Ryan,2016/04/11 09:15
14,2015/05/05 05:18,00002af33ce8ba31b1f4580584e5a122388140911cb12b50e60b592c,00008f9a922a2464aac8cfbc40bc2e0338708f90dc4fa39aeb4f63b6,64896,17,3014.92,Amber,Reid,2016/05/17 14:00
14,2015/05/05 05:18,00008f9a922a2464aac8cfbc40bc2e0338708f90dc4fa39aeb4f63b6,0000216ff073faa7c71b9769f3b791414339fbf4b4dc66386e7dca8c,86411,18,2135.83,Haris,Aiden,2016/06/22 18:45
14,2015/05/05 05:18,0000216ff073faa7c71b9769f3b791414339fbf4b4dc66386e7dca8c,000043ddd93145270c8ae00c676c874f4ad4c05b307c6c4609c94558,14691,19,1907.68,Belinda,Chloe,2016/07/27 11:30
14,2015/05/05 05:18,000043ddd93145270c8ae00c676c874f4ad4c05b307c6c4609c94558,0000d7ae41eba6ac6e028e783a474d08f4399f4bfbfbdf4ff8cae852,46321,20,3411.07,Penelope,Alan,2016/09/01 16:15
14,2015/05/05 05:18,0000d7ae41eba6ac6e028e783a474d08f4399f4bfbfbdf4ff8cae852,000055b388e831b479ddc1cf048bcbdb0069355194fb27756ceae03f,80878,21,4201.43,Daniel,Aldus,2016/10/06 08:00
15,2015/05/05 05:18,000055b388e831b479ddc1cf048bcbdb0069355194fb27756ceae03f,00000cb7f2839628a2a38559828e9a177281a7a7aa3d2cb29f7fbb0c,67560,1,2862.41,Marcus,Sabrina,2015/07/01 05:12
15,2015/06/05 06:25,00000cb7f2839628a2a38559828e9a177281a7a7aa3d2cb29f7fbb0c,000097a0de6fdf1f98403a525b9b0c958d664315d46bb4dadc90421d,28656,2,3357.56,Alen,Rubie,2015/07/02 09:34
15,2015/06/05 06:25,000097a0de6fdf1f98403a525b9b0c958d664315d46bb4dadc90421d,00004b2db528c87eca9ce42d5b345c913df8523aead30c20efd30139,31802,3,2162.41,Garry,Lily,2015/07/03 11:27
15,2015/06/05 06:25,00004b2db528c87eca9ce42d5b345c913df8523aead30c20efd30139,0000bf12fe6d85f61b0afc8b6a13f1a6063f3eb54b451b1685c25337,35219,4,1720.52,Elise,Isabella,2015/07/04 14:53
15,2015/06/05 06:25,0000bf12fe6d85f61b0afc8b6a13f1a6063f3eb54b451b1685c25337,000044d6e5885d0b7fea212a31d00b808ff50bf9bc44d7d45ae18db3,58298,5,1537.11,Daisy,Michelle,2015/07/05 17:08
15,2015/06/05 06:25,000044d6e5885d0b7fea212a31d00b808ff50bf9bc44d7d45ae18db3,00008a537557a6f723cd2a202a923b6d1f06e6db68d05996a4c8c543,63745,6,1631.29,Alina,Sophia,2015/07/06 19:45
15,2015/06/05 06:25,00008a537557a6f723cd2a202a923b6d1f06e6db68d05996a4c8c543,00001c780bb305052a103dcb696ad7a3542b21c1b59b3e27b1bd199b,27456,7,3662.73,Garry,Sophia,2015/07/07 20:22
15,2015/06/05 06:25,00001c780bb305052a103dcb696ad7a3542b21c1b59b3e27b1bd199b,000083ead8e80e6a0aa7efbef1b5d40d51141efbe55abdea96fe5c12,95878,8,3080.47,Garry,Frederick,2015/07/08 22:10
15,2015/06/05 06:25,000083ead8e80e6a0aa7efbef1b5d40d51141efbe55abdea96fe5c12,000033412cc5e663ca1b89e241816290ba4ecad5778f884438ef7ecc,29599,9,4099.24,Fenton,Justin,2015/07/09 23:18
15,2015/06/05 06:25,000033412cc5e663ca1b89e241816290ba4ecad5778f884438ef7ecc,0000f3937267912659631a637d08dd4e4d44d7db90b005b14e831c7b,70914,10,2675.94,Brianna,Adelaide,2015/07/10 00:46
15,2015/06/05 06:25,0000f3937267912659631a637d08dd4e4d44d7db90b005b14e831c7b,0000acbc2e144c1022841d74af46ddd880592e6fdcd78af4934f8d28,89750,11,3949.15,Eleanor,Lyndon,2016/07/01 02:09
15,2015/06/05 06:25,0000acbc2e144c1022841d74af46ddd880592e6fdcd78af4934f8d28,000058e439d5d64576d8407fe2734f9050f84a48991f4f67c5946fb6,56884,12,2572.46,Harold,Adison,2016/07/02 05:21
15,2015/06/05 06:25,000058e439d5d64576d8407fe2734f9050f84a48991f4f67c5946fb6,000017b9c28eebd3fa826d22c28c07cba8a55acfd4f0eac5927eaf76,33819,13,3949.74,Carlos,Brad,2016/07/03 07:55
15,2015/06/05 06:25,000017b9c28eebd3fa826d22c28c07cba8a55acfd4f0eac5927eaf76,00001e73337e9c0616c3b52397655ca9f41afc75d1fa55be2145c0e8,96655,14,3352.97,Alford,Max,2016/07/04 11:37
15,2015/06/05 06:25,00001e73337e9c0616c3b52397655ca9f41afc75d1fa55be2145c0e8,00005d67209af5e592e4cfaa7d5e30f5777256acad6442cd59a7f3cd,93892,15,1013.85,Lana,Frederick,2016/07/05 14:02
16,2015/07/05 08:00,00005d67209af5e592e4cfaa7d5e30f5777256acad6442cd59a7f3cd,00000ffa75ee9f5917ce911fe12826649ae75d3a8f1cb99f3ca797dc,68982,1,182.33,Lana,Jenna,2015/08/01 02:34
16,2015/07/05 08:00,00000ffa75ee9f5917ce911fe12826649ae75d3a8f1cb99f3ca797dc,00008db628a89563d973726f20d5ae655c22cda9cd79ba43f43ce4b1,39694,2,4372.79,Jenna,Maya,2015/08/02 07:56
16,2015/07/05 08:00,00008db628a89563d973726f20d5ae655c22cda9cd79ba43f43ce4b1,0000b008680d7b0dadcc32e4fdab4ab86272d5fc9ec9ab1d328cb082,20497,3,3914.45,Aiden,Samantha,2015/08/03 12:28
16,2015/07/05 08:00,0000b008680d7b0dadcc32e4fdab4ab86272d5fc9ec9ab1d328cb082,00006ae12458a84f86e83b5860b6e3926656175e27cb72f72aa0c7fb,63851,4,2677.12,Michelle,Sawyer,2015/08/04 15:42
16,2015/07/05 08:00,00006ae12458a84f86e83b5860b6e3926656175e27cb72f72aa0c7fb,0000bc7cfc2a90f43b704f5bb52081bb467ab50eea2e509174c5be08,30427,5,2467.99,Reid,Julian,2015/08/05 18:17
16,2015/07/05 08:00,0000bc7cfc2a90f43b704f5bb52081bb467ab50eea2e509174c5be08,0000e129549291273c3c6b5f9418c4270d929b6ab040c98981e42988,86340,6,1514.76,Dainton,Alissa,2015/08/06 20:09
16,2015/07/05 08:00,0000e129549291273c3c6b5f9418c4270d929b6ab040c98981e42988,0000d5d693206e31cf48c15be4f41f29f312cef6db691f028c2a45ff,10056,7,4885.57,Carl,Adison,2015/08/07 21:23
16,2015/07/05 08:00,0000d5d693206e31cf48c15be4f41f29f312cef6db691f028c2a45ff,0000649356c4ad4cd2f19dc66314b6f1558f2dc7211bc70bf903f44d,94662,8,351.02,Ellia,Madaline,2015/08/08 22:55
16,2015/07/05 08:00,0000649356c4ad4cd2f19dc66314b6f1558f2dc7211bc70bf903f44d,0000781e4de549fa498dd9858896d9cf471890ad78e7a76b28478c14,93157,9,1761.34,Derek,Miller,2015/08/09 23:38
16,2015/07/05 08:00,0000781e4de549fa498dd9858896d9cf471890ad78e7a76b28478c14,0000f5aaf36196c5c4ce85eb99a3ae0313c741e717eeffac1309062f,57899,10,4467.95,Edgar,John,2015/08/10 00:51
16,2015/07/05 08:00,0000f5aaf36196c5c4ce85eb99a3ae0313c741e717eeffac1309062f,0000a8e995552ee8c083fe86b236a03822bd18c899aa4c60caae019d,38661,11,4233.97,Fenton,Roland,2022/08/11 01:47
16,2015/07/05 08:00,0000a8e995552ee8c083fe86b236a03822bd18c899aa4c60caae019d,000040168d579733e43f0103c08dacdf3e00fb78d6114db2518819d2,98705,12,1035.68,Dominik,Reid,2015/07/14 01:23
17,2015/07/13 09:16,000040168d579733e43f0103c08dacdf3e00fb78d6114db2518819d2,0000565780d7443274c7207901e8f66eb69f08f31708aead89387bb1,89595,1,385.47,Steven,Tony,2015/07/14 03:45
17,2015/07/13 09:16,0000565780d7443274c7207901e8f66eb69f08f31708aead89387bb1,0000d8d382596b14b92b84db366664d2c3176c6bf207e950ea0d418e,85397,2,4567.55,Eddy,Amy,2015/07/02 06:32
17,2015/07/13 09:16,0000d8d382596b14b92b84db366664d2c3176c6bf207e950ea0d418e,000042da6d731d5c97392957b6393866e73568075bb7ae1861f1ba09,85204,3,2230.68,Eddy,Alissa,2015/07/02 09:15
17,2015/07/13 09:16,000042da6d731d5c97392957b6393866e73568075bb7ae1861f1ba09,00007f2914f36610908132966f5736defdc5015d74d017f3aad5bee3,33903,4,1620.01,Martin,Edwin,2015/07/03 11:58
17,2015/07/13 09:16,00007f2914f36610908132966f5736defdc5015d74d017f3aad5bee3,0000db834f79e553725fb993af293c96726f83838fad3c6bc80b3837,66686,5,3043.59,Abraham,Eleanor,2015/07/03 14:26
17,2015/07/13 09:16,0000db834f79e553725fb993af293c96726f83838fad3c6bc80b3837,0000e64236d8a3700e96e2cd4c33cda09d1120daa47481752453f0e9,43006,6,4542.01,Ned,Alan,2015/07/04 17:07
17,2015/07/13 09:16,0000e64236d8a3700e96e2cd4c33cda09d1120daa47481752453f0e9,00009b6db856512b152e9fa62e5b24af90afdfcb8b0f97d71b52b4bd,28941,7,2412.87,Edward,Adison,2015/07/04 19:44
17,2015/07/13 09:16,00009b6db856512b152e9fa62e5b24af90afdfcb8b0f97d71b52b4bd,0000de2b38de51b3cc47168652b8a8118cd6dfc9834607ad024ee8c2,92029,8,1056.22,Florrie,Richard,2022/07/05 21:18
18,2015/08/15 09:19,0000de2b38de51b3cc47168652b8a8118cd6dfc9834607ad024ee8c2,0000057a8bef41e6c0317ceaf8ff7bd63433063459d187610714f5ef,32664,1,1512.32,Amber,Ned,2022/07/05 23:50
18,2015/08/15 09:19,0000057a8bef41e6c0317ceaf8ff7bd63433063459d187610714f5ef,0000fa21e25a5a2be01964348199f2d9446281b1de6b836cbbf072d0,89023,2,1263.09,Ryan,Dainton,2022/07/06 01:19
18,2015/08/15 09:19,0000fa21e25a5a2be01964348199f2d9446281b1de6b836cbbf072d0,000081bb540b41d5fb0966277c1c86b50d9b421f1cf045852ebe6477,12457,3,308.81,Daniel,Kelvin,2015/07/03 07:19
18,2015/08/15 09:19,000081bb540b41d5fb0966277c1c86b50d9b421f1cf045852ebe6477,00006be592eb31d367de67508806004535d95ff5630fb30b638cc962,52828,4,288.18,Amber,Arthur,2016/07/09 08:56
18,2015/08/15 09:19,00006be592eb31d367de67508806004535d95ff5630fb30b638cc962,0000ac8e519dadbfb3598c26dd33fdc1819832ec15a499a6a138c43c,45140,5,414.97,Owen,Leonardo,2017/08/16 10:42
18,2015/08/15 09:19,0000ac8e519dadbfb3598c26dd33fdc1819832ec15a499a6a138c43c,0000a6038405eb0473b88db7824fe33a8da414b721d01f56bb329c51,38861,6,4681.87,Michelle,Kelvin,2018/01/22 13:27
18,2015/08/15 09:19,0000a6038405eb0473b88db7824fe33a8da414b721d01f56bb329c51,000080810b5e1dca975172812f90a2431d1dc6f0ffad2a16fb1afca8,26803,7,2110.69,Roland,Savana,2019/07/29 15:05
19,2015/09/18 10:38,000080810b5e1dca975172812f90a2431d1dc6f0ffad2a16fb1afca8,00002a2de23ee21dcb1625558a40c0b5010d8f2d993666a3314ddee6,84399,1,1199.64,Adison,Michael,2020/05/05 17:40
19,2015/09/18 10:38,00002a2de23ee21dcb1625558a40c0b5010d8f2d993666a3314ddee6,00006cdec24e85ffefb5e73fb645bd046c9fe6edfbe898de6b1f240d,92174,2,3929.35,Hailey,Sophia,2021/07/12 19:22
19,2015/09/18 10:38,00006cdec24e85ffefb5e73fb645bd046c9fe6edfbe898de6b1f240d,0000d74045094e69697ea09296cf412690fc97e3ea3ddac880350a41,48434,3,4290.68,Emily,Dainton,2015/06/03 00:17
19,2015/09/18 10:38,0000d74045094e69697ea09296cf412690fc97e3ea3ddac880350a41,00008dd83c5b936fe44823a7531f01fa146cd86e0504816f8d80e9b1,76798,4,3847.2,Dainton,Dexter,2015/06/04 04:59
19,2015/09/18 10:38,00008dd83c5b936fe44823a7531f01fa146cd86e0504816f8d80e9b1,000039d02ec6597be3ee4d45ad6ea2739e6b029493efbe25dd2d6d4c,67445,5,3271.13,Alen,Steven,2015/07/06 09:23
19,2015/09/18 10:38,000039d02ec6597be3ee4d45ad6ea2739e6b029493efbe25dd2d6d4c,000047c41d1e8b36e084e7786933fd78ee811318b42aba7adb1edd9a,79253,6,222.58,Daniel,Adam,2015/07/07 12:46
19,2015/09/18 10:38,000047c41d1e8b36e084e7786933fd78ee811318b42aba7adb1edd9a,0000d60e6dcdbadbe60609bb1f0841191ba223857d2e281101a7493b,22439,7,4537.89,Chester,Byron,2015/07/09 16:32
19,2015/09/18 10:38,0000d60e6dcdbadbe60609bb1f0841191ba223857d2e281101a7493b,00008abaa1230e90d87ba5ac236d7c3563af0ee0e14d696085459765,25317,8,4807.68,Caroline,Ryan,2015/07/11 19:10
19,2015/09/18 10:38,00008abaa1230e90d87ba5ac236d7c3563af0ee0e14d696085459765,000027ba1a828bd2e1f03b715781adca525d89bd19ccfa92eee62619,93884,9,2172.24,Nicole,Victoria,2016/07/01 01:56
19,2015/09/18 10:38,000027ba1a828bd2e1f03b715781adca525d89bd19ccfa92eee62619,0000b65d232a85c56d846b1d2cda27b45743d2bb668a11a3b50d4e33,99859,10,1612.96,Jessica,Edward,2016/07/02 05:28
19,2015/09/18 10:38,0000b65d232a85c56d846b1d2cda27b45743d2bb668a11a3b50d4e33,000096f416948a95a04780a4eb0d84d12fb835075eed808b81884ff3,36381,11,1954.92,Tiana,Max,2017/07/04 10:11
20,2015/09/20 11:13,000096f416948a95a04780a4eb0d84d12fb835075eed808b81884ff3,0000ebc4986af7dec8178a0642eaa04320815da884794166eeb1e4e2,79122,1,1377.36,Sawyer,Lucia,2015/07/01 00:31
20,2015/09/20 11:13,0000ebc4986af7dec8178a0642eaa04320815da884794166eeb1e4e2,000079f7bc41f962f0efcf72aadce235cc15a58bea3262e6bb6d507a,54509,2,3774.93,Julia,Harold,2015/07/01 02:42
20,2015/09/20 11:13,000079f7bc41f962f0efcf72aadce235cc15a58bea3262e6bb6d507a,0000369d320ce293567817d6c5caf98bc5c8ef8a309d41d572c63f7e,79078,3,4134.07,Lana,Amber,2015/07/01 05:18
20,2015/09/20 11:13,0000369d320ce293567817d6c5caf98bc5c8ef8a309d41d572c63f7e,0000e8dba847fb8b06669887fb588ab1db27472d27f83d52e766ac00,79420,4,1823.67,Melanie,Hailey,2015/07/02 07:59
20,2015/09/20 11:13,0000e8dba847fb8b06669887fb588ab1db27472d27f83d52e766ac00,0000481e52ae117ede680e01abbfc9023c74f5bbd32bbca712dc791b,44066,5,2813.58,Alexia,Lilianna,2015/07/03 10:25
20,2015/09/20 11:13,0000481e52ae117ede680e01abbfc9023c74f5bbd32bbca712dc791b,0000d246415ce7b9d96362ed57f00d83f759029f5348565029fff8c1,32871,6,1287.15,Lana,Lana,2015/07/03 12:36
20,2015/09/20 11:13,0000d246415ce7b9d96362ed57f00d83f759029f5348565029fff8c1,00006b4291a13fd946fd377b5153f666785f438545f0ad9d2533403a,89461,7,4287.22,Edwin,Ted,2015/07/04 14:43
20,2015/09/20 11:13,00006b4291a13fd946fd377b5153f666785f438545f0ad9d2533403a,000057a4bba94fdb0ec3e0c47e268260d933a96abef64e3341bb44ef,37961,8,4715.19,Vanessa,Ryan,2015/07/05 16:51
20,2015/09/20 11:13,000057a4bba94fdb0ec3e0c47e268260d933a96abef64e3341bb44ef,000090e7309b367ca0da9a542480886021dc91ac95e3da3d3a097399,72921,9,1875.71,Kellan,Steven,2015/07/06 19:23
20,2015/09/20 11:13,000090e7309b367ca0da9a542480886021dc91ac95e3da3d3a097399,0000dc1b3dabc635d6db7dc0ab5f74670e8bbc8d61610b16827db179,90880,10,3365.12,Elian,Kristian,2015/07/07 21:04
20,2015/09/20 11:13,0000dc1b3dabc635d6db7dc0ab5f74670e8bbc8d61610b16827db179,00005d01760170c8dcb5cae114ceaa24b5d3d5e1fb1fc79be70bdec8,44715,11,1589.02,Blake,April,2015/07/08 23:10
20,2015/09/20 11:13,00005d01760170c8dcb5cae114ceaa24b5d3d5e1fb1fc79be70bdec8,00004dfb590aefd1055976f89a155badef7f7e4091f9ed39dbbb57b0,79920,12,203.17,Michelle,Maddie,2016/07/01 01:45
20,2015/09/20 11:13,00004dfb590aefd1055976f89a155badef7f7e4091f9ed39dbbb57b0,00004b666120f6fae3f93d957aab6b7d142a054f8c5b3104d1034ec3,22303,13,3200.84,Lyndon,Chelsea,2016/07/02 04:22
20,2015/09/20 11:13,00004b666120f6fae3f93d957aab6b7d142a054f8c5b3104d1034ec3,0000c8c93681c712d71c2c1ab55f0c621d09c0a19997cda33a9725ea,64798,14,4783.18,Daisy,Alissa,2016/07/03 07:07
20,2015/09/20 11:13,0000c8c93681c712d71c2c1ab55f0c621d09c0a19997cda33a9725ea,00005636f3dfa898d803514e016a87dcbfaace61a23f4c9c1a1d76f2,91008,15,4512.88,Annabella,Miley,2016/07/04 10:13
20,2015/09/20 11:13,00005636f3dfa898d803514e016a87dcbfaace61a23f4c9c1a1d76f2,00007e134cc8b6bd6e1387c396fb42afbc41c2f041db4a1854c385b6,52479,16,3112.26,Sydney,Mary,2016/07/05 12:57
21,2015/09/22 11:16,00007e134cc8b6bd6e1387c396fb42afbc41c2f041db4a1854c385b6,0000b3ff6e3da04f747b20d19f64253e1f483c1cc8cec47f6a3df09e,18993,1,187.06,Penelope,Freddie,2015/09/15 00:24
21,2015/09/22 11:16,0000b3ff6e3da04f747b20d19f64253e1f483c1cc8cec47f6a3df09e,00005c3624d443e97a65290ae582ee49af4d0bb1db7136c5be96c0d0,20102,2,1495.56,George,Amber,2015/09/15 02:58
21,2015/09/22 11:16,00005c3624d443e97a65290ae582ee49af4d0bb1db7136c5be96c0d0,00001128577a9c404d8906dcb96581667b3ac871d02b8499b94b8702,44362,3,197.07,Luke,Mike,2015/09/15 05:13
21,2015/09/22 11:16,00001128577a9c404d8906dcb96581667b3ac871d02b8499b94b8702,0000f73ec73171d2936d4a953d47f332d637a244c20ac79949687639,69969,4,3775.14,Cadie,Steven,2015/09/15 07:40
21,2015/09/22 11:16,0000f73ec73171d2936d4a953d47f332d637a244c20ac79949687639,0000cd91d593957121e5d6d5b8a86d7617033baeea14181bf1b7d89f,39065,5,1740.53,Lydia,Anna,2015/09/16 10:17
21,2015/09/22 11:16,0000cd91d593957121e5d6d5b8a86d7617033baeea14181bf1b7d89f,000006482864541ab5539641010cf339e046e8422b739a87bab02873,12112,6,3063.15,Arnold,Maddie,2015/09/16 12:59
21,2015/09/22 11:16,000006482864541ab5539641010cf339e046e8422b739a87bab02873,00000d58dcb44561819eae729f9f10014126e7f911c2dd04ab54fffb,90134,7,1932.14,Michelle,Richard,2015/09/17 15:42
21,2015/09/22 11:16,00000d58dcb44561819eae729f9f10014126e7f911c2dd04ab54fffb,00001d84cdb7e8dd1c032001c1f80369d40ef8fdc0c80356cb14f9f4,97293,8,2193.72,Sabrina,Miranda,2015/09/18 18:21
21,2015/09/22 11:16,00001d84cdb7e8dd1c032001c1f80369d40ef8fdc0c80356cb14f9f4,0000b778c9855ccaa20b922a03f55601af8ac83d5106f4560943f823,74513,9,1139.09,Paige,Edwin,2015/09/20 21:03
21,2015/09/22 11:16,0000b778c9855ccaa20b922a03f55601af8ac83d5106f4560943f823,0000fb4179d7c84b860f542198ec8379ef5caeb038145cb192a18b67,43194,10,1380.68,Kimberly,Frederick,2015/09/22 23:45
22,2015/10/24 12:08,0000fb4179d7c84b860f542198ec8379ef5caeb038145cb192a18b67,0000bbe2d6dc19d35a8009dc610f294f5a5328275f42ee1d513c3b57,48967,1,2696.41,Aston,Lyndon,2016/09/23 02:12
22,2015/10/24 12:08,0000bbe2d6dc19d35a8009dc610f294f5a5328275f42ee1d513c3b57,0000090982b70457fdacfbc7d136e852d9219eae7f85568e4f43170f,75085,2,764.24,Chelsea,Jenna,2016/09/23 05:08
22,2015/10/24 12:08,0000090982b70457fdacfbc7d136e852d9219eae7f85568e4f43170f,00002dfe49850373dfac7bf53689e3d7ac809db7143fd7b7a5cae245,55651,3,963.59,Sam,Edward,2016/09/25 08:05
22,2015/10/24 12:08,00002dfe49850373dfac7bf53689e3d7ac809db7143fd7b7a5cae245,0000e3a7a44facb8fed55560a0250251de6f175771b15a5d1ae0669f,96420,4,1183.55,Garry,Kellan,2016/09/25 10:57
22,2015/10/24 12:08,0000e3a7a44facb8fed55560a0250251de6f175771b15a5d1ae0669f,0000a44ae375e3c41dc802b92e056d99a546e525ee52f135cbc6eb0f,18773,5,3672.14,Lyndon,Penelope,2016/09/26 13:32
22,2015/10/24 12:08,0000a44ae375e3c41dc802b92e056d99a546e525ee52f135cbc6eb0f,00003a26f5b4322eca7f050adcfeb272eb318acee2fea97c2a68def1,43163,6,4429.96,Jared,Spike,2016/10/17 16:10
23,2016/11/25 13:56,00003a26f5b4322eca7f050adcfeb272eb318acee2fea97c2a68def1,0000d6acad4bcc01209aef0bf68256ad29d2578de57d09e6fdb4de90,18900,1,3023.65,Naomi,Steven,2015/10/25 00:19
23,2016/11/25 13:56,0000d6acad4bcc01209aef0bf68256ad29d2578de57d09e6fdb4de90,00004b1064d12d8be55abc4cc004906d5cd735c2e58795eb7a2497ca,88102,2,4175.37,Lyndon,Miley,2015/10/25 02:54
23,2016/11/25 13:56,00004b1064d12d8be55abc4cc004906d5cd735c2e58795eb7a2497ca,0000b5b4d13d3c3b2a77a4fdf661bc3d1321f7c1630b78d8cb24806c,43694,3,1504.32,Maya,Steven,2016/10/26 05:31
23,2016/11/25 13:56,0000b5b4d13d3c3b2a77a4fdf661bc3d1321f7c1630b78d8cb24806c,00001cd6dd6da5ef44a3b7af54283f92ef64878c4cc5b94d7a6131e4,23672,4,1249.91,Leonardo,Daisy,2016/10/27 08:07
23,2016/11/25 13:56,00001cd6dd6da5ef44a3b7af54283f92ef64878c4cc5b94d7a6131e4,0000290deaa3441ab277720fcdf24b544d3d653b3d47f0972353fb7d,23672,5,3152.21,Grace,Honey,2017/10/27 10:46
23,2016/11/25 13:56,0000290deaa3441ab277720fcdf24b544d3d653b3d47f0972353fb7d,000096d0c7736f361888932c68160e7b664574fa565b97eb88ae1222,51745,6,2997.32,Adrianna,Jordan,2018/10/28 13:23
24,2016/11/26 14:51,000096d0c7736f361888932c68160e7b664574fa565b97eb88ae1222,00002938768bd22c75935641d96e02b5008ff00f8c7cf87af8013137,87833,1,3147.68,Thomas,Briony,2015/12/01 00:08
24,2016/11/26 14:51,00002938768bd22c75935641d96e02b5008ff00f8c7cf87af8013137,0000ae037ae77d6c60fd558346222fd8f7a24b8a1fa0eef2a03ef3d2,29037,2,1961.64,Julia,Lenny,2016/12/02 02:53
24,2016/11/26 14:51,0000ae037ae77d6c60fd558346222fd8f7a24b8a1fa0eef2a03ef3d2,0000c02beda1d3b9eabc08f7cacf79b9dac18813165bfa8d85129734,68840,3,4111.89,Jasmine,Dexter,2017/12/03 05:27
24,2016/11/26 14:51,0000c02beda1d3b9eabc08f7cacf79b9dac18813165bfa8d85129734,00007716e78a8388fa4a88e5daee462c024aa24449d9516e767ff61f,23918,4,3467.42,Elise,Myra,2017/12/04 08:14
24,2016/11/26 14:51,00007716e78a8388fa4a88e5daee462c024aa24449d9516e767ff61f,0000379e3a602b6a905548939bb2c8d9a7df9999cf156fddcd529531,48548,5,4761.12,Aiden,William,2018/12/05 11:02
24,2016/11/26 14:51,0000379e3a602b6a905548939bb2c8d9a7df9999cf156fddcd529531,000098e5314e5d7a4325957761e04d583b96f3c5317a645333b0105c,53616,6,136.56,Maddie,Jordan,2018/12/06 13:41
24,2016/11/26 14:51,000098e5314e5d7a4325957761e04d583b96f3c5317a645333b0105c,00003fabf7cd7a084b0d0fee61af14a96d9cc6bdc757aa1e290cfc83,50895,7,4211.33,Lydia,Victoria,2015/12/05 01:47
24,2016/11/26 14:51,00003fabf7cd7a084b0d0fee61af14a96d9cc6bdc757aa1e290cfc83,0000b1a6dc2b867c46adcc5adb911fba79dab347c03bbd79d30f3af1,86415,8,3693.23,Sam,Andrew,2016/01/06 03:52
25,2016/11/27 05:05,0000b1a6dc2b867c46adcc5adb911fba79dab347c03bbd79d30f3af1,0000715deaac55ad5f865633535da83e5f002b02e4e8bea3d02f41ea,70276,1,2946.55,Derek,Jared,2016/05/09 05:19
25,2016/11/27 05:05,0000715deaac55ad5f865633535da83e5f002b02e4e8bea3d02f41ea,0000245c5bc1b98c170841157fd6c71a5d6a0a9356a7f0cfb4bc7fd6,95881,2,2939.34,Cherry,Alisa,2017/02/07 07:33
25,2016/11/27 05:05,0000245c5bc1b98c170841157fd6c71a5d6a0a9356a7f0cfb4bc7fd6,00002a8b2c4ce8936875dd2a311cc29e6a65f06897ed2ea0c1321c31,43581,3,2501.63,Lucy,Penelope,2019/04/01 10:42
25,2016/11/27 05:05,00002a8b2c4ce8936875dd2a311cc29e6a65f06897ed2ea0c1321c31,00000afe93c2ffb4aac9b5b79c846eb44715ec48c62c57ced126e6cd,98319,4,4903.94,Ryan,Dexter,2020/09/23 12:15
25,2016/11/27 05:05,00000afe93c2ffb4aac9b5b79c846eb44715ec48c62c57ced126e6cd,00002bd4cb60cc7019678d9f073233c58eda5fcf687b88bce498e159,79113,5,4083.63,Leonardo,Antony,2022/03/18 14:01
25,2016/11/27 05:05,00002bd4cb60cc7019678d9f073233c58eda5fcf687b88bce498e159,0000efd6cc127b5c5680293fe2237ab39836a9ec85b73b2cecca379a,72709,6,2453.03,Aldus,Amelia,2023/05/03 16:27
25,2016/11/27 05:05,0000efd6cc127b5c5680293fe2237ab39836a9ec85b73b2cecca379a,0000c933d6d38ac8ac47a76f0a02c9628992ba11a87a78d61fe201f7,13045,7,4425.75,Jessica,Maddie,2016/01/03 00:32
25,2016/11/27 05:05,0000c933d6d38ac8ac47a76f0a02c9628992ba11a87a78d61fe201f7,00000b95a8ba13b3d81af7ce0bc315bb9bd691569f4cd81f9e05e7fa,34394,8,2705.89,Victor,Joyce,2016/03/05 02:19
25,2016/11/27 05:05,00000b95a8ba13b3d81af7ce0bc315bb9bd691569f4cd81f9e05e7fa,00005425f2bfc3993bddb7383fd735344a4cabb2939d794bfb07a370,52012,9,4504.45,Blake,Brooke,2016/06/02 04:45
26,2016/11/28 07:05,00005425f2bfc3993bddb7383fd735344a4cabb2939d794bfb07a370,0000afd9774570e22a4271e23b299e546477b93dcd7b3f7b4bed070f,47387,1,1764.77,Elise,Heather,2017/01/06 06:54
26,2016/11/28 07:05,0000afd9774570e22a4271e23b299e546477b93dcd7b3f7b4bed070f,0000b910995e6df952affba79d34ca85a82f514315b32e91191ad19c,95790,2,2044.32,Carina,Lucia,2018/03/08 08:12
26,2016/11/28 07:05,0000b910995e6df952affba79d34ca85a82f514315b32e91191ad19c,000052ab54c6afe847606e5354baf9cf9949b2e2d801a943b3f35c1b,18355,3,369.99,Cadie,Natalie,2020/01/10 10:28
26,2016/11/28 07:05,000052ab54c6afe847606e5354baf9cf9949b2e2d801a943b3f35c1b,000079474e3c24bed8ba8bf589c73ec27f4d621ac150de64b605bc85,26052,4,3126.68,Eleanor,Edith,2021/03/12 12:01
26,2016/11/28 07:05,000079474e3c24bed8ba8bf589c73ec27f4d621ac150de64b605bc85,00002370650dcc7f35c968819dc42d743e49c0458469a3935e264fd0,66513,5,1795.81,Gianna,Audrey,2022/05/17 14:36
26,2016/11/28 07:05,00002370650dcc7f35c968819dc42d743e49c0458469a3935e264fd0,0000917d1aa61f898b0f77f322d810f7025fce8041d41b21846cd14f,18055,6,4860.07,Abigail,Annabella,2023/01/19 16:45
26,2016/11/28 07:05,0000917d1aa61f898b0f77f322d810f7025fce8041d41b21846cd14f,0000788de793d94c6202eda792a42d546cf5e40c0061867c08741f91,77809,7,3570.94,Nicholas,Frederick,2015/12/01 00:37
26,2016/11/28 07:05,0000788de793d94c6202eda792a42d546cf5e40c0061867c08741f91,00007b6a6be25d69d5cc8cc21aebff5675f07d8258df037472333089,87145,8,4229.83,Bruce,Dainton,2015/12/02 03:16
26,2016/11/28 07:05,00007b6a6be25d69d5cc8cc21aebff5675f07d8258df037472333089,000044480073dbd357d32073f5370e289d84d94439221ac4278a3e61,83431,9,4377.85,Henry,Tara,2015/12/04 06:08
26,2016/11/28 07:05,000044480073dbd357d32073f5370e289d84d94439221ac4278a3e61,0000fde42ba58dd13b415c1d3e2358cdcc763afe864e02aec197f597,14257,10,1782.72,Blake,Savana,2015/12/06 09:31
26,2016/11/28 07:05,0000fde42ba58dd13b415c1d3e2358cdcc763afe864e02aec197f597,0000590a786f60e72f605fec0862b8641d07792e9c6dd2e07fe91ed9,71316,11,3085.75,Elise,Sydney,2015/12/09 11:44
26,2016/11/28 07:05,0000590a786f60e72f605fec0862b8641d07792e9c6dd2e07fe91ed9,0000dda4dca2a78fcd552d425a0aa2425e909efb82fa71b78a1f3d1d,57698,12,1131.47,Agata,Chester,2016/01/01 13:55
26,2016/11/28 07:05,0000dda4dca2a78fcd552d425a0aa2425e909efb82fa71b78a1f3d1d,00006e579c77b1e30bb083d6f4ee73dd6bca84752c284e65499c200b,84740,13,238.88,Cadie,Sienna,2016/01/04 15:41
26,2016/11/28 07:05,00006e579c77b1e30bb083d6f4ee73dd6bca84752c284e65499c200b,00009a2c8683c3378fa22ae7c0b73ce948e89aacccbbd55796e902bd,57565,14,4818.62,Daryl,Kelsey,2016/01/07 17:23
26,2016/11/28 07:05,00009a2c8683c3378fa22ae7c0b73ce948e89aacccbbd55796e902bd,00009a541d0cbc508e585f5956d105542bca0f17b90d6c813bf73ee3,60416,15,4645.17,Arianna,Alisa,2016/01/10 19:18
26,2016/11/28 07:05,00009a541d0cbc508e585f5956d105542bca0f17b90d6c813bf73ee3,00009c8d5713bb66cf36f6bb9dcaf35713bc863c0700a4417d4b7fb2,70324,16,3169.82,Henry,Frederick,2016/03/01 21:05
26,2016/11/28 07:05,00009c8d5713bb66cf36f6bb9dcaf35713bc863c0700a4417d4b7fb2,00002fc638e0edd98066473c3ae9e308d0ef1f3c5ad04d55026b1979,55522,17,3120.23,Alexia,Owen,2016/03/04 22:39
26,2016/11/28 07:05,00002fc638e0edd98066473c3ae9e308d0ef1f3c5ad04d55026b1979,0000d398bc823cfb7182dc4b209e2dff1aee0427d031830c860c83b1,51887,18,1751.79,Penelope,Vincent,2016/03/07 23:57
27,2017/02/20 06:04,0000d398bc823cfb7182dc4b209e2dff1aee0427d031830c860c83b1,0000635b49ddaad285f2a6c091f396860383e83fbb3911ab3e5ff822,40510,1,4821.44,Michael,Maria,2017/01/01 01:14
27,2017/02/20 06:04,0000635b49ddaad285f2a6c091f396860383e83fbb3911ab3e5ff822,0000ad16931f1c089c3d33d3323a4dfb88a0c573753097211f631aa5,50824,2,3948.91,Justin,Eleanor,2017/01/04 02:53
27,2017/02/20 06:04,0000ad16931f1c089c3d33d3323a4dfb88a0c573753097211f631aa5,000042735c4279c0d09eb8e0082972d4bceb8f6e5deec597427fa572,66068,3,2467.15,Brooke,Ellia,2017/01/07 04:32
27,2017/02/20 06:04,000042735c4279c0d09eb8e0082972d4bceb8f6e5deec597427fa572,000025f812e41acd2aba9f8a42a682d7871ff7e9f449a0308a9835fb,65906,4,4127.01,Valeria,Elise,2017/01/10 05:59
27,2017/02/20 06:04,000025f812e41acd2aba9f8a42a682d7871ff7e9f449a0308a9835fb,00009f22a4486b434b17a7bb66041f9333631602cd2016fbb0959153,82935,5,4296.45,Melissa,Edwin,2018/03/01 07:42
27,2017/02/20 06:04,00009f22a4486b434b17a7bb66041f9333631602cd2016fbb0959153,00002c2f7e4dd469aa9a8f273f9f40be3bee789b299b0aa91c4b0578,43915,6,2721.57,Myra,Sydney,2018/03/04 09:15
27,2017/02/20 06:04,00002c2f7e4dd469aa9a8f273f9f40be3bee789b299b0aa91c4b0578,0000e526b12734bf5521f63b99b1f954c884b6665f1f8659fe70fdbc,97921,7,218.81,Camila,Charlie,2017/03/01 00:12
27,2017/02/20 06:04,0000e526b12734bf5521f63b99b1f954c884b6665f1f8659fe70fdbc,000096881caebaa3c3e1f8b2712b93f291e88ba23adc7cf9b9e16863,91569,8,4648.77,Stella,Tiana,2017/03/03 02:05
27,2017/02/20 06:04,000096881caebaa3c3e1f8b2712b93f291e88ba23adc7cf9b9e16863,00008b96ed14d0c761792a0930b80fdaa5535e0a82d6aa797a867192,37791,9,1302.69,Isabella,Chester,2017/03/05 04:18
27,2017/02/20 06:04,00008b96ed14d0c761792a0930b80fdaa5535e0a82d6aa797a867192,0000c96fd8173eb6cb38351b77d835f95ba017d8fa1addf34d9b5b38,75941,10,4562.52,Oliver,Gianna,2017/03/07 06:31
27,2017/02/20 06:04,0000c96fd8173eb6cb38351b77d835f95ba017d8fa1addf34d9b5b38,000024d08142f07d3bc9b5b4ec48831bdf5bffaf26d45fb02283d7c1,94329,11,1679.66,Brooke,Sofia,2017/03/09 08:44
27,2017/02/20 06:04,000024d08142f07d3bc9b5b4ec48831bdf5bffaf26d45fb02283d7c1,0000c59c1348c9d0f815633f5a973542f18c3de2b4098aafcf282c62,72044,12,2075.23,Arthur,Amy,2018/02/01 10:57
28,2017/02/25 12:16,0000c59c1348c9d0f815633f5a973542f18c3de2b4098aafcf282c62,000065d227c56394f82754dff4bd92ccdcd37acb97e52f74b8b20ba1,28486,1,4082.39,Brianna,Luke,2018/02/04 12:41
28,2017/02/25 12:16,000065d227c56394f82754dff4bd92ccdcd37acb97e52f74b8b20ba1,0000055f807005b6a62f85beff33f6228d5af898241878b1492af72a,67812,2,4858.66,Vivian,Charlotte,2018/02/07 14:23
28,2017/02/25 12:16,0000055f807005b6a62f85beff33f6228d5af898241878b1492af72a,000037ddd609fd7c6f6b7c8a4fbd4f248ae6065f845970b1baa9bae1,13565,3,1360.82,Ryan,Stella,2018/02/10 16:06
28,2017/02/25 12:16,000037ddd609fd7c6f6b7c8a4fbd4f248ae6065f845970b1baa9bae1,000011cd45b44f89d0c2eeff0faf56b682afc8b80480383fa30d40e4,78834,4,4603.92,Alberta,Tara,2019/03/01 17:49
28,2017/02/25 12:16,000011cd45b44f89d0c2eeff0faf56b682afc8b80480383fa30d40e4,00005416165978fe747d2b2576549cb4ae4a3b59f8443beb0a164695,59425,5,2877.57,Lenny,John,2019/03/04 19:33
28,2017/02/25 12:16,00005416165978fe747d2b2576549cb4ae4a3b59f8443beb0a164695,000064d9691a257ddf99ae661419125cf0ce151bde3bfae981c34c2b,89165,6,3516.46,Ryan,Frederick,2019/03/07 21:15
28,2017/02/25 12:16,000064d9691a257ddf99ae661419125cf0ce151bde3bfae981c34c2b,0000994a74f81ecf62a289a43c4db3dfa913756efe6db4ab69dabb9c,44074,7,4399.81,April,Myra,2020/04/01 22:58
28,2017/02/25 12:16,0000994a74f81ecf62a289a43c4db3dfa913756efe6db4ab69dabb9c,0000abf44755816d0c723dc8642b19d9a668223b6b697017e46f0bc8,64987,8,4570.01,Jacob,Ned,2020/04/04 00:41
28,2017/02/25 12:16,0000abf44755816d0c723dc8642b19d9a668223b6b697017e46f0bc8,0000502e7cc4073f2d7c2672ceca110d786bc0c52e005a9f541d45e1,11413,9,4486.79,Kelsey,Lydia,2020/04/07 02:25
28,2017/02/25 12:16,0000502e7cc4073f2d7c2672ceca110d786bc0c52e005a9f541d45e1,0000f8074ddaa7656cee25ac79a7deb124381348605c13528ee35828,96592,10,4413.28,Kate,Oscar,2021/05/01 04:09
29,2017/03/15 08:45,0000f8074ddaa7656cee25ac79a7deb124381348605c13528ee35828,00008d3d565d54c09fef7c4d195beb5d07a3acbfe97f9a5a31b816f0,34182,1,184.76,Grace,April,2017/04/01 00:12
29,2017/03/15 08:45,00008d3d565d54c09fef7c4d195beb5d07a3acbfe97f9a5a31b816f0,0000fdb464922ff76c47248d1cd92d6342a496d84a3c6643e2720d78,30728,2,4984.82,Victoria,Adrianna,2017/04/02 02:05
29,2017/03/15 08:45,0000fdb464922ff76c47248d1cd92d6342a496d84a3c6643e2720d78,00006f532c3d24074e08fe6181f89fb0a83944c798ae3909aca82d28,94946,3,3253.29,Owen,Hailey,2017/04/03 04:18
29,2017/03/15 08:45,00006f532c3d24074e08fe6181f89fb0a83944c798ae3909aca82d28,00006be613c9069b54488d49c94b2eba657eaa25856999d0937ca61d,62408,4,374.67,Annabella,Kimberly,2017/04/05 06:31
29,2017/03/15 08:45,00006be613c9069b54488d49c94b2eba657eaa25856999d0937ca61d,0000addc5b4eabc5da03405bea11df9368d1ee77bbcfdcff49f4d403,14634,5,2062.16,Henry,Victoria,2017/04/06 08:44
29,2017/03/15 08:45,0000addc5b4eabc5da03405bea11df9368d1ee77bbcfdcff49f4d403,0000c36d9d96c83bbb0be1d70307ddaa706f450fecb72b9f2945cd10,62749,6,3344.75,Emily,Brianna,2017/04/08 10:57
29,2017/03/15 08:45,0000c36d9d96c83bbb0be1d70307ddaa706f450fecb72b9f2945cd10,000098f4e61027c6f554ed875b3021b5d4ff2071b4eaef3071b160d4,91932,7,1473.68,Vanessa,Samantha,2019/04/01 12:41
29,2017/03/15 08:45,000098f4e61027c6f554ed875b3021b5d4ff2071b4eaef3071b160d4,0000d18faee0fe1c1d492f2e58fefe1884bd72e78d45541e34c158e8,36572,8,4669.33,Rebecca,Rebecca,2019/04/02 14:23
29,2017/03/15 08:45,0000d18faee0fe1c1d492f2e58fefe1884bd72e78d45541e34c158e8,0000997bf5094ee3d7de0a0faa248327ae87fcb47e53210a33f87d16,90186,9,4799.07,Jordan,Jacob,2019/04/03 16:06
29,2017/03/15 08:45,0000997bf5094ee3d7de0a0faa248327ae87fcb47e53210a33f87d16,00004467d60cb3c4a5bc4b896b0178e106f361679451e18167deeb11,51677,10,2051.41,Dexter,Sabrina,2019/04/05 17:49
29,2017/03/15 08:45,00004467d60cb3c4a5bc4b896b0178e106f361679451e18167deeb11,0000218ab8a48371dbe960fb34f72a83a7999975c451b0b070067000,31891,11,3606.47,Edgar,Brooke,2019/04/06 19:33
29,2017/03/15 08:45,0000218ab8a48371dbe960fb34f72a83a7999975c451b0b070067000,000096b33f453fc6008f71787b5bdd687011cb5ca00db9d4c3834dad,61439,12,1167.17,Chelsea,Lilianna,2019/04/08 21:15
29,2017/03/15 08:45,000096b33f453fc6008f71787b5bdd687011cb5ca00db9d4c3834dad,0000c7a17fed877284461e492d54a9686888aeab24bef76c99d899bf,84195,13,3900.65,Amy,Jordan,2021/04/01 22:58
30,2018/05/20 11:55,0000c7a17fed877284461e492d54a9686888aeab24bef76c99d899bf,00002ec486881553da29b14da1bf3261cea0a53c0603d4be20effebd,80843,1,4635.03,Alissa,Kimberly,2018/06/02 00:22
30,2018/05/20 11:55,00002ec486881553da29b14da1bf3261cea0a53c0603d4be20effebd,0000adcd37a23a6917f19204f8682ec9762c2e3821225c80943f29e0,60558,2,429.43,Sydney,Cherry,2018/06/05 02:37
30,2018/05/20 11:55,0000adcd37a23a6917f19204f8682ec9762c2e3821225c80943f29e0,0000363263d4f2415547533e57d9b05849a808b2e088db81f2f6be74,26750,3,4961.78,Maddie,Kelvin,2018/06/07 04:55
30,2018/05/20 11:55,0000363263d4f2415547533e57d9b05849a808b2e088db81f2f6be74,00002a1c67aa6c4bd89d4a6ca32f87c48c729e0740b1678c7d2c350f,79632,4,1220.72,Stella,Kevin,2019/06/01 07:12
30,2018/05/20 11:55,00002a1c67aa6c4bd89d4a6ca32f87c48c729e0740b1678c7d2c350f,0000d609fe119009d30322343e2452eba1c9b35f2d188364b733eb10,85443,5,2820.35,Rosie,Tara,2020/06/03 09:26
30,2018/05/20 11:55,0000d609fe119009d30322343e2452eba1c9b35f2d188364b733eb10,0000431e02fbacccaab15338044e10a8750fd7dcc945b1395b894f15,51921,6,272.17,Ashton,Natalie,2021/06/05 11:44
30,2018/05/20 11:55,0000431e02fbacccaab15338044e10a8750fd7dcc945b1395b894f15,0000082b307cd4cc50f2205f21a00d9851aeff58c6bc01ab665f9ef0,61701,7,3994.22,Vincent,Tony,2022/06/08 13:57
31,2018/05/25 13:26,0000082b307cd4cc50f2205f21a00d9851aeff58c6bc01ab665f9ef0,0000ea80ab2c3c4d5a8f091343654b1fd84095b12f72bc90c3740c17,93322,1,2886.43,Aida,Agata,2018/06/03 00:19
31,2018/05/25 13:26,0000ea80ab2c3c4d5a8f091343654b1fd84095b12f72bc90c3740c17,0000bc63402f73615bc4d40d908be2b5f6a894f6038632fe939e0c80,34862,2,3965.72,Frederick,Maddie,2019/06/06 02:35
31,2018/05/25 13:26,0000bc63402f73615bc4d40d908be2b5f6a894f6038632fe939e0c80,00008d68176a33ed037ce7806806bf2380f6f361856b717c5c7a6343,76397,3,4457.64,Evelyn,Michelle,2020/06/09 04:42
31,2018/05/25 13:26,00008d68176a33ed037ce7806806bf2380f6f361856b717c5c7a6343,00000bec876c7339e3f59216e27c405e219baa1203a72352d678873a,30722,4,1854.14,Catherine,Amelia,2021/06/11 06:57
31,2018/05/25 13:26,00000bec876c7339e3f59216e27c405e219baa1203a72352d678873a,0000a17801ebace6863a4ad25e2d965aae92b62ac7b37261482ee76f,30897,5,2049.38,Adrianna,Sawyer,2022/06/14 09:12
31,2018/05/25 13:26,0000a17801ebace6863a4ad25e2d965aae92b62ac7b37261482ee76f,0000985903e6c429c5e768af0b25a6d15aa4d25c07f0b0004ba2e834,51254,6,3625.28,Lucas,Adam,2022/06/16 11:24
32,2018/05/26 15:22,0000985903e6c429c5e768af0b25a6d15aa4d25c07f0b0004ba2e834,0000dd8f0505bb5165eafaf7b6c96bd77c989fd9c2d6d5d3322d06d3,87521,1,3873.61,Natalie,Natalie,2018/06/02 00:14
32,2018/05/26 15:22,0000dd8f0505bb5165eafaf7b6c96bd77c989fd9c2d6d5d3322d06d3,00003537bd905c746f791f83848fb0f2956d0ac31fcce8135c9bd8b1,41676,2,1734.99,Alan,Michael,2018/06/04 02:30
32,2018/05/26 15:22,00003537bd905c746f791f83848fb0f2956d0ac31fcce8135c9bd8b1,0000f186397e4e2db7c859e4e01180b15caec5d9cd7161265594e2a1,82941,3,4532.57,Penelope,Eleanor,2019/06/05 04:48
32,2018/05/26 15:22,0000f186397e4e2db7c859e4e01180b15caec5d9cd7161265594e2a1,000075216639bbded336182528e9622da5314fda854823e6341feb41,12250,4,3030.29,Victor,Max,2019/06/06 07:06
32,2018/05/26 15:22,000075216639bbded336182528e9622da5314fda854823e6341feb41,0000adc6ad67265a9e62bd05b33f24646ed2661fea0dbe002015016b,43863,5,3291.64,Bruce,Miley,2020/06/01 09:24
32,2018/05/26 15:22,0000adc6ad67265a9e62bd05b33f24646ed2661fea0dbe002015016b,000042fbdce8277192bf640c6eb1b4309918e6e90ac989bf20af7575,15157,6,4423.52,Adrianna,Ashton,2021/06/03 11:40
32,2018/05/26 15:22,000042fbdce8277192bf640c6eb1b4309918e6e90ac989bf20af7575,0000794db6adbaa5af28e45d8ba1a37a531837f513287f4dfc125b90,57374,7,1522.76,Edith,Adele,2021/06/06 13:56
32,2018/05/26 15:22,0000794db6adbaa5af28e45d8ba1a37a531837f513287f4dfc125b90,00003d1c1f09968967e255a86c3911da83712a824645bb5237f12b30,10426,8,185.46,Luke,Rosie,2022/06/08 16:12
32,2018/05/26 15:22,00003d1c1f09968967e255a86c3911da83712a824645bb5237f12b30,00007b0f63b31faca8070d85a7091d31f88466b17b4dc06fd073f303,48568,9,1124.55,Kate,Kelvin,2022/06/11 18:28
33,2018/06/30 17:20,00007b0f63b31faca8070d85a7091d31f88466b17b4dc06fd073f303,0000446b2a92d0cb583d83bb31498a8746631ffc6be57e57b18c481a,87180,1,2344.78,Grace,Heather,2018/07/02 00:05
33,2018/06/30 17:20,0000446b2a92d0cb583d83bb31498a8746631ffc6be57e57b18c481a,0000bfef0929ff741cba8695852d95f13845c9e8edc2c02965764533,84500,2,2559.79,Belinda,Brooke,2018/07/04 02:18
33,2018/06/30 17:20,0000bfef0929ff741cba8695852d95f13845c9e8edc2c02965764533,000098682c4352607ca128cecdaa38d28b4f88ec5f8a55f77611aa44,12701,3,1544.63,Edgar,Freddie,2019/07/07 04:31
33,2018/06/30 17:20,000098682c4352607ca128cecdaa38d28b4f88ec5f8a55f77611aa44,0000847aab8b8744f8227dbb0834a44fcca23d8444ce32ef38a65b1a,26961,4,2530.38,Steven,Wilson,2019/07/09 06:44
33,2018/06/30 17:20,0000847aab8b8744f8227dbb0834a44fcca23d8444ce32ef38a65b1a,0000c2c3a0e2c52128acb96d9fb4541e905af9df2b0429a086ab8b8c,98707,5,1945.18,Ashton,Anna,2020/07/12 08:57
33,2018/06/30 17:20,0000c2c3a0e2c52128acb96d9fb4541e905af9df2b0429a086ab8b8c,00001a65cbbde243e4d8c7da73cc9ae5e8571d661bb6a184d38e040f,81768,6,2659.06,Melanie,Byron,2020/07/13 11:10
33,2018/06/30 17:20,00001a65cbbde243e4d8c7da73cc9ae5e8571d661bb6a184d38e040f,000048c62d7706453e5e2e883cfd7200653b88de3e08457e43f7f928,99573,7,2769.45,Florrie,Roman,2021/07/16 13:23
33,2018/06/30 17:20,000048c62d7706453e5e2e883cfd7200653b88de3e08457e43f7f928,0000ba8c3bb95944becede48406de235de4ec505145a3f1d87b4cf53,76005,8,1376.92,Mike,Dexter,2022/07/18 15:36
33,2018/06/30 17:20,0000ba8c3bb95944becede48406de235de4ec505145a3f1d87b4cf53,0000217a3466f9a08c99efe63e6f4c8a650f5636ac6ab5e1166f52dc,41847,9,3616.89,Ada,Deanna,2022/07/20 17:49
33,2018/06/30 17:20,0000217a3466f9a08c99efe63e6f4c8a650f5636ac6ab5e1166f52dc,0000b39a152075636dcbe92202784b9d30aa15c76ca5975974b1efcf,79124,10,1029.39,Caroline,Sawyer,2023/06/01 20:02
33,2018/06/30 17:20,0000b39a152075636dcbe92202784b9d30aa15c76ca5975974b1efcf,0000ccbfbaa2a1d669c14af19b18d7c4f7afe5cbd92d3b7951aa9a7e,71545,11,2324.58,Miranda,Tess,2023/06/03 22:15
33,2018/06/30 17:20,0000ccbfbaa2a1d669c14af19b18d7c4f7afe5cbd92d3b7951aa9a7e,000053e6665223fc124e668e5e67e7a5d1603ff5c6fcc95540f5a443,72059,12,4426.14,Derek,Darcy,2023/06/06 23:59
34,2018/07/01 15:12,000053e6665223fc124e668e5e67e7a5d1603ff5c6fcc95540f5a443,0000e33fc8b4c8d3db307b73cc99a83b3dd5500401b80062c8920d83,69539,1,1903.06,Michelle,April,2018/07/02 00:12
34,2018/07/01 15:12,0000e33fc8b4c8d3db307b73cc99a83b3dd5500401b80062c8920d83,0000a04acec33a61ba1b3a8f2f97b6951508f3c8cd5694894d4d6305,82691,2,3279.68,Luke,Thomas,2018/07/05 02:25
34,2018/07/01 15:12,0000a04acec33a61ba1b3a8f2f97b6951508f3c8cd5694894d4d6305,000036911f9294e4e26e9fdefb9bec8537d7904f0e61572cd22cd3e0,83708,3,3585.49,Penelope,Rubie,2019/07/08 04:38
34,2018/07/01 15:12,000036911f9294e4e26e9fdefb9bec8537d7904f0e61572cd22cd3e0,00001eed8e2d26f881a9b17825a44060c45b62715b5848d12d2c4b98,32583,4,4669.39,Hailey,Leonardo,2019/07/10 06:51
34,2018/07/01 15:12,00001eed8e2d26f881a9b17825a44060c45b62715b5848d12d2c4b98,00000ab8fbdca577346b8e3807040f390a217eb2d4551af48f83e497,92359,5,1576.79,Haris,Lucia,2020/07/13 09:04
34,2018/07/01 15:12,00000ab8fbdca577346b8e3807040f390a217eb2d4551af48f83e497,000068c038b165abbd24f3e33e760001298fd20c615eeb7f313dc151,57491,6,4977.72,Belinda,Madaline,2020/07/16 11:17
34,2018/07/01 15:12,000068c038b165abbd24f3e33e760001298fd20c615eeb7f313dc151,000047a06727edaf8006e1f48ad79f34aa1e5cd769a55196db04b514,55627,7,3866.33,Agata,Ada,2021/07/18 13:30
34,2018/07/01 15:12,000047a06727edaf8006e1f48ad79f34aa1e5cd769a55196db04b514,00004365ec646ca0be15b958e915fcbbfe909a32cd9fff93b6c647de,44272,8,2609.12,Jenna,Camila,2022/07/21 15:43
34,2018/07/01 15:12,00004365ec646ca0be15b958e915fcbbfe909a32cd9fff93b6c647de,0000044db6c86d2704ee6e29840690cefcec856d213243323ad072f3,53528,9,4914.96,Anna,Anna,2022/07/24 17:56
34,2018/07/01 15:12,0000044db6c86d2704ee6e29840690cefcec856d213243323ad072f3,000089a22ff0599177d15634fc6f76e82518cc0db961d5f9092d188a,91654,10,2630.97,Antony,Gianna,2023/06/01 20:09
35,2018/08/13 16:13,000089a22ff0599177d15634fc6f76e82518cc0db961d5f9092d188a,0000187708dba67ec9f43369283df24b97ca6cb5e177e038d0911e54,93415,1,4595.85,Carl,Martin,2018/09/04 02:36
35,2018/08/13 16:13,0000187708dba67ec9f43369283df24b97ca6cb5e177e038d0911e54,0000a35308f16004534266ab7190ed945f8546f2a6d94ec14f432568,68752,2,1563.18,Myra,Aston,2018/09/06 04:49
35,2018/08/13 16:13,0000a35308f16004534266ab7190ed945f8546f2a6d94ec14f432568,00004c8031ca218ea75906601355512924494a6d1e26f88ece813f25,18326,3,4646.26,Tiana,Abraham,2019/09/09 07:01
35,2018/08/13 16:13,00004c8031ca218ea75906601355512924494a6d1e26f88ece813f25,000048bfe37d4ab18ccd3bb56f6481ae565e4887b13c236b4a958d32,23594,4,304.01,Miller,Carina,2019/09/11 09:15
35,2018/08/13 16:13,000048bfe37d4ab18ccd3bb56f6481ae565e4887b13c236b4a958d32,00009ec7bc24ba6fd1e99965447197d40dea00f52c9e6855667eb371,89169,5,2661.47,Eleanor,Briony,2020/09/13 11:26
35,2018/08/13 16:13,00009ec7bc24ba6fd1e99965447197d40dea00f52c9e6855667eb371,00009b44d5ddbdc5035fb9f7cb0bc476341c15dea8344ca58ee02fdc,10342,6,3176.59,Sabrina,Alberta,2020/09/16 13:37
35,2018/08/13 16:13,00009b44d5ddbdc5035fb9f7cb0bc476341c15dea8344ca58ee02fdc,00008667ab0aa51551f14324778d17590d86045e7a7553d01c8d4740,93749,7,2842.19,Charlie,Deanna,2021/09/18 15:49
35,2018/08/13 16:13,00008667ab0aa51551f14324778d17590d86045e7a7553d01c8d4740,0000e660b8ddb1723d17d1884221ec8d165eea039dbcc32d7adba99d,26102,8,1064.93,Adelaide,Sam,2021/09/21 18:03
35,2018/08/13 16:13,0000e660b8ddb1723d17d1884221ec8d165eea039dbcc32d7adba99d,000061dfb0bcf6d2886736cb2903ab7b4d0bfdef3e6c85b404dedc88,22676,9,1681.22,Ned,Edward,2022/09/23 20:15
35,2018/08/13 16:13,000061dfb0bcf6d2886736cb2903ab7b4d0bfdef3e6c85b404dedc88,0000fb996eb75e514bd038e6d6b6a8cd213567a748d86a624479de5c,97635,10,2613.41,Amy,Kirsten,2018/11/03 00:17
35,2018/08/13 16:13,0000fb996eb75e514bd038e6d6b6a8cd213567a748d86a624479de5c,0000c7dbd7e114b480433f9f40c15c2bc61efc73836198659b680241,78756,11,4993.14,Carlos,Edgar,2018/11/05 02:30
36,2018/10/15 18:25,0000c7dbd7e114b480433f9f40c15c2bc61efc73836198659b680241,0000151f7b1b0fce447894245aabc39594d8d8eaae38c857b93ce312,38041,1,1099.24,Melanie,Brianna,2019/11/07 04:43
36,2018/10/15 18:25,0000151f7b1b0fce447894245aabc39594d8d8eaae38c857b93ce312,0000d75032e7571dbc435c57276cdfaae8e2b37f26c79ef47a23c353,80523,2,3407.97,Spike,Fenton,2020/11/10 06:56
36,2018/10/15 18:25,0000d75032e7571dbc435c57276cdfaae8e2b37f26c79ef47a23c353,0000bd8e2a5ec56bd5af1f9dce7b0e24348ccb300b52677defb08908,15394,3,1382.32,Charlie,Rubie,2021/11/13 09:09
36,2018/10/15 18:25,0000bd8e2a5ec56bd5af1f9dce7b0e24348ccb300b52677defb08908,0000ff5673c6b82552bd2379552ab098c6683d98eb1a2364dff3fd01,83773,4,4653.02,Connie,Ryan,2022/11/15 11:22
36,2018/10/15 18:25,0000ff5673c6b82552bd2379552ab098c6683d98eb1a2364dff3fd01,0000c4c166d1708c81ddf7eabb0f5240601b97f34670f013e5a3c604,40017,5,1349.26,Alford,Luke,2022/11/18 13:35
36,2018/10/15 18:25,0000c4c166d1708c81ddf7eabb0f5240601b97f34670f013e5a3c604,0000093f6d645e46165b9d2c0094f9e72e7bb46c820ee17591f0dc22,33944,6,248.72,Mike,Amy,2023/06/01 15:48
36,2018/10/15 18:25,0000093f6d645e46165b9d2c0094f9e72e7bb46c820ee17591f0dc22,0000c9694e5c21da8fd5db7a91564a6f17faa2aac184fea6eb3becd7,62542,7,3297.57,Michael,Luke,2023/06/04 18:01
36,2018/10/15 18:25,0000c9694e5c21da8fd5db7a91564a6f17faa2aac184fea6eb3becd7,000044e5d0cf88719834ba765ed080c577357fad3416a983135c3a35,70658,8,3219.28,Gianna,Lana,2023/06/05 18:01
36,2018/10/15 18:25,000044e5d0cf88719834ba765ed080c577357fad3416a983135c3a35,000002da1378ed6adb3d4a6903f35b660ab6730a9859fc4c1074f4a4,65263,9,4704.24,Alisa,Eric,2023/06/07 19:01
37,2018/10/17 18:37,000002da1378ed6adb3d4a6903f35b660ab6730a9859fc4c1074f4a4,0000e0009a292bf16bfdc74e8f1365d2a9362a0e9cc75778187f0dae,94897,1,2374.57,Brianna,Kelsey,2018/11/02 00:19
37,2018/10/17 18:37,0000e0009a292bf16bfdc74e8f1365d2a9362a0e9cc75778187f0dae,0000fde0b4b6d4ce73bbea6bf3dac3fdde5672d01435f3cc40306141,96056,2,368.26,Emma,Dexter,2018/11/04 02:29
37,2018/10/17 18:37,0000fde0b4b6d4ce73bbea6bf3dac3fdde5672d01435f3cc40306141,0000c95f82bb4c0605c69dc5b0f9046e7ebb6b0c69e2936bd4de5a0b,49316,3,3660.95,Agata,James,2019/11/07 04:41
37,2018/10/17 18:37,0000c95f82bb4c0605c69dc5b0f9046e7ebb6b0c69e2936bd4de5a0b,000022b5b16d9148c4a2b878b7359e452b08b948932cc309bc215be1,28173,4,3427.62,Mary,Lucia,2020/11/10 06:52
37,2018/10/17 18:37,000022b5b16d9148c4a2b878b7359e452b08b948932cc309bc215be1,0000d605222e6963040bf09e3c66d8142b4e083a91d892e53f32edab,67470,5,4762.09,Alina,Steven,2020/11/12 09:02
37,2018/10/17 18:37,0000d605222e6963040bf09e3c66d8142b4e083a91d892e53f32edab,0000a8361cdfc749d98c4d204f75712ff2ddf5cbb944747f33bcdeb7,88256,6,2942.64,Sam,Derek,2021/11/15 11:12
37,2018/10/17 18:37,0000a8361cdfc749d98c4d204f75712ff2ddf5cbb944747f33bcdeb7,0000283e1f894e3de392656f3756f07a8410068eeade9d0db689ceec,35301,7,4142.18,Briony,Paige,2022/11/18 13:23
37,2018/10/17 18:37,0000283e1f894e3de392656f3756f07a8410068eeade9d0db689ceec,0000ceab801a0a27a1456fcc21d47553ac20bf1b293fcfba9dab2359,49825,8,237.91,Kirsten,Jasmine,2022/11/20 15:33
37,2018/10/17 18:37,0000ceab801a0a27a1456fcc21d47553ac20bf1b293fcfba9dab2359,0000b46ebb697b94be2043880e758420f57f081791bb7e14cf8a0e8d,38454,9,3910.65,Grace,George,2023/06/01 17:43
37,2018/10/17 18:37,0000b46ebb697b94be2043880e758420f57f081791bb7e14cf8a0e8d,0000dc784331367d01abec1d1db15ddc9c187e00b010cc0b16090066,95274,10,2641.33,Mary,Penelope,2023/06/03 19:53
38,2018/12/27 15:28,0000dc784331367d01abec1d1db15ddc9c187e00b010cc0b16090066,0000f9e35c45f0c1da850cbb1986d7cb3c6eb42562edeafcd121b1f9,72414,1,4493.18,Freddie,Rebecca,2019/01/02 00:12
38,2018/12/27 15:28,0000f9e35c45f0c1da850cbb1986d7cb3c6eb42562edeafcd121b1f9,0000acc79885c41382e1a7215c2e0c2ec49934128d8a6a00cd678f5f,79615,2,1203.23,Joyce,Agata,2019/01/03 02:27
38,2018/12/27 15:28,0000acc79885c41382e1a7215c2e0c2ec49934128d8a6a00cd678f5f,000094bbaa23750ba85032f7974ccbae65b936310b65ae990f45a501,73641,3,3016.79,Thomas,Frederick,2019/01/06 04:43
38,2018/12/27 15:28,000094bbaa23750ba85032f7974ccbae65b936310b65ae990f45a501,0000c4cab411330cbab0fbe5eb21e4e1148adec0ed693357b0686b62,36642,4,3703.68,Darcy,Naomi,2019/01/09 06:59
38,2018/12/27 15:28,0000c4cab411330cbab0fbe5eb21e4e1148adec0ed693357b0686b62,000099b3a1a0ac39475801852125fd4072b106116b612cbf90e82a4d,14597,5,1221.06,Evelyn,Jack,2020/01/12 09:14
38,2018/12/27 15:28,000099b3a1a0ac39475801852125fd4072b106116b612cbf90e82a4d,00009fce2179fa4978b2a093db665bc89981445004ec2824ed92877f,81383,6,3299.42,Emma,Jacob,2020/01/14 11:29
38,2018/12/27 15:28,00009fce2179fa4978b2a093db665bc89981445004ec2824ed92877f,000033a78af9c693dfdaa48765489fb6c8cbb8ffb00c4fb53506085d,24569,7,4741.57,Lucas,Savana,2021/01/17 13:44
38,2018/12/27 15:28,000033a78af9c693dfdaa48765489fb6c8cbb8ffb00c4fb53506085d,0000b4ab0686facf997c87d3ff671f7597418afc65657a519a9a487c,10873,8,4663.29,Kellan,Steven,2022/01/20 15:59
38,2018/12/27 15:28,0000b4ab0686facf997c87d3ff671f7597418afc65657a519a9a487c,0000d36d6e74c00cb965d3b43a6c8c509548de75a3a7b18448717861,42739,9,2320.64,Catherine,Kevin,2023/06/01 18:14
38,2018/12/27 15:28,0000d36d6e74c00cb965d3b43a6c8c509548de75a3a7b18448717861,00005f99bbe5a9a059eb315e271267f1ef76235408e79021ca9a40b5,61242,10,4863.92,Clark,Preston,2023/06/03 20:29
39,2019/01/15 10:03,00005f99bbe5a9a059eb315e271267f1ef76235408e79021ca9a40b5,00009960b03eb2f8b7ac101d9e2c69abddf63a370ca7f1c37cbe5391,73989,1,2306.54,Florrie,Eddy,2019/02/01 00:14
39,2019/01/15 10:03,00009960b03eb2f8b7ac101d9e2c69abddf63a370ca7f1c37cbe5391,00003f2f0c54ddec4785d62e2fa1194f259f0ee142ee0582fd9de848,63744,2,2742.37,Eleanor,Sienna,2019/02/03 02:29
39,2019/01/15 10:03,00003f2f0c54ddec4785d62e2fa1194f259f0ee142ee0582fd9de848,00009d4bb85d2e231d0d202231b2b914a53b7ad7e192c1e877cabe75,80840,3,4470.24,Catherine,Paul,2019/02/06 04:44
39,2019/01/15 10:03,00009d4bb85d2e231d0d202231b2b914a53b7ad7e192c1e877cabe75,000087bb7e05ceef83a40ba9f89b9e7de7ea0ff03855f23406c3c737,20885,4,1555.18,Jordan,Charlie,2019/02/09 06:59
39,2019/01/15 10:03,000087bb7e05ceef83a40ba9f89b9e7de7ea0ff03855f23406c3c737,00000105bbcf100155d75f1b1eec270010b0d0b24c3f8b675c38fe27,47505,5,2116.17,Valeria,Oliver,2020/02/12 09:14
39,2019/01/15 10:03,00000105bbcf100155d75f1b1eec270010b0d0b24c3f8b675c38fe27,00003c1ec27dcf40a17731488028f5437786c88b301093fa89cc6d0a,58710,6,3974.42,Kimberly,James,2020/02/14 11:29
39,2019/01/15 10:03,00003c1ec27dcf40a17731488028f5437786c88b301093fa89cc6d0a,00004a9f64f41f56275a1912a88cf1d4530a0866953089128b637e50,44297,7,1505.86,Aiden,Brianna,2021/02/17 13:44
39,2019/01/15 10:03,00004a9f64f41f56275a1912a88cf1d4530a0866953089128b637e50,0000eee7c2c9fd9e597e49144267b0c5f34b67e0adf61e388ccf9e4a,91785,8,1018.15,Stuart,Daisy,2022/02/20 15:59
39,2019/01/15 10:03,0000eee7c2c9fd9e597e49144267b0c5f34b67e0adf61e388ccf9e4a,00002bbdee9a91d216d02dac7c70380ae99a7c90bbe6cec4119a1e46,11348,9,1277.43,Daniel,Tiana,2023/06/01 18:14
40,2019/01/15 10:03,00002bbdee9a91d216d02dac7c70380ae99a7c90bbe6cec4119a1e46,0000e5714a0e7183a7cd0a0cbfc911f729b50aa8017e318e7ae3c9b8,80570,1,2735.01,Arnold,Thomas,2019/02/03 00:09
40,2019/01/18 11:15,0000e5714a0e7183a7cd0a0cbfc911f729b50aa8017e318e7ae3c9b8,00007d42b3c3c7144bd54540fe03bff54a0491a9f404bd2717300ee4,66092,2,1133.92,Daisy,Abigail,2019/02/06 02:13
40,2019/01/18 11:15,00007d42b3c3c7144bd54540fe03bff54a0491a9f404bd2717300ee4,000019976c93ffff3178bececfc32a5bda02ffac9bc21e212a5e2402,22661,3,2721.89,Charlie,Maria,2019/02/07 04:32
40,2019/01/18 11:15,000019976c93ffff3178bececfc32a5bda02ffac9bc21e212a5e2402,0000f48fcdd635e59e13365e7c2433e5576ad886908e936861796275,65442,4,2352.07,Frederick,Honey,2019/02/09 06:43
40,2019/01/18 11:15,0000f48fcdd635e59e13365e7c2433e5576ad886908e936861796275,00000f1cc1e8a5aaf46f1539f165584c24c29660f0dc78a1786b873a,69104,5,3737.75,Sydney,Audrey,2020/02/12 09:00
40,2019/01/18 11:15,00000f1cc1e8a5aaf46f1539f165584c24c29660f0dc78a1786b873a,0000d95114cc891482b676cfcf99c7c0742ae8933b542657005df7de,41474,6,1839.21,Deanna,Miller,2020/02/14 11:14
40,2019/01/18 11:15,0000d95114cc891482b676cfcf99c7c0742ae8933b542657005df7de,0000f36413248cd9832a3c9df982919177f3f0e9dea50e7928f44f5b,38681,7,1312.81,Gianna,James,2021/02/17 13:28
40,2019/01/18 11:15,0000f36413248cd9832a3c9df982919177f3f0e9dea50e7928f44f5b,000018097a79572da3d34414f30711ca037bdb6775fa0c8c16820dee,37396,8,4102.36,James,Agata,2022/02/20 15:43
40,2019/01/18 11:15,000018097a79572da3d34414f30711ca037bdb6775fa0c8c16820dee,0000192c075f9bb8068cae883504d38677cef884cb2dccb28a572db5,78331,9,2720.74,Kellan,Maximilian,2023/06/01 17:59
41,2019/01/20 12:13,0000192c075f9bb8068cae883504d38677cef884cb2dccb28a572db5,00008e6411832bfa4bdf36601dcaa97da9349333288867d875a9eb8f,33523,1,2966.77,Jack,Jenna,2019/02/01 00:04
41,2019/01/20 12:13,00008e6411832bfa4bdf36601dcaa97da9349333288867d875a9eb8f,0000e31146de1a1aee457456cb041c548a73581e22f756c11ca59427,95149,2,4224.32,Catherine,George,2019/02/03 02:19
41,2019/01/20 12:13,0000e31146de1a1aee457456cb041c548a73581e22f756c11ca59427,0000835742b75d952fbdfadaca84cd97cc155fff58bba99016606894,26327,3,1115.03,Roman,Catherine,2019/02/07 04:34
41,2019/01/20 12:13,0000835742b75d952fbdfadaca84cd97cc155fff58bba99016606894,0000fabe87866e19d0308c385a4cadbc4aba4ef7d50f7053eda54fa8,19700,4,1856.34,Ned,Kristian,2019/02/09 06:49
41,2019/01/20 12:13,0000fabe87866e19d0308c385a4cadbc4aba4ef7d50f7053eda54fa8,00009e825de88d04683463caae0c0ef3cce356a6951444e5af9aab87,23823,5,2671.63,Emma,Ashton,2020/02/12 09:04
41,2019/01/20 12:13,00009e825de88d04683463caae0c0ef3cce356a6951444e5af9aab87,0000cd955974a498050940d20c6442b8a2f07f32333d906bcbf25b9d,57618,6,1195.23,Reid,Natalie,2020/02/14 11:19
41,2019/01/20 12:13,0000cd955974a498050940d20c6442b8a2f07f32333d906bcbf25b9d,00004bcdb316470261996f291b3abeb46fe2e447fa98a0ee0178f278,20777,7,1839.77,Elian,Michael,2021/02/17 13:34
41,2019/01/20 12:13,00004bcdb316470261996f291b3abeb46fe2e447fa98a0ee0178f278,000077b2cd735a61fb0196cfa98da81e13d770e3b0094115025266fa,46320,8,4773.44,Myra,Vanessa,2021/02/19 15:49
41,2019/01/20 12:13,000077b2cd735a61fb0196cfa98da81e13d770e3b0094115025266fa,00002ca209b780dcf983c526fdc73ca3e9cafe3e89586dcac4ea80b6,11831,9,2273.96,Garry,Alexia,2022/02/22 18:04
41,2019/01/20 12:13,00002ca209b780dcf983c526fdc73ca3e9cafe3e89586dcac4ea80b6,00006afffc6ec939d2582731a497565289d275d3db69b088af23de50,83545,10,1131.67,Lilianna,Alfred,2022/02/24 20:19
41,2019/01/20 12:13,00006afffc6ec939d2582731a497565289d275d3db69b088af23de50,0000482350316c2289fec782d2f53aa424f38dbb0e4d3b452e1d4662,34361,11,2806.28,Jessica,Sofia,2022/02/28 22:34
41,2019/01/20 12:13,0000482350316c2289fec782d2f53aa424f38dbb0e4d3b452e1d4662,00000f6f6e5ec03cfc5dade3d747241801425b5a4bc7d2f3353ed793,91249,12,2320.45,Paul,Richard,2023/06/01 00:49
42,2019/08/20 16:25,00000f6f6e5ec03cfc5dade3d747241801425b5a4bc7d2f3353ed793,00003f2aaa10d352fbcdbcb0a3d999603ac8519405cf35367672535b,62044,1,3836.53,Charlie,Miranda,2019/09/02 00:13
42,2019/08/20 16:25,00003f2aaa10d352fbcdbcb0a3d999603ac8519405cf35367672535b,00004d45c085ea61d607ef8734aab4d3b14f2bcaf134ce5bfb889a0b,20141,2,4308.42,Lily,Florrie,2019/09/04 02:28
42,2019/08/20 16:25,00004d45c085ea61d607ef8734aab4d3b14f2bcaf134ce5bfb889a0b,0000883a72eb0d46945447ce1aa6bd66aaa6c2df27351cf23486e166,60027,3,3039.71,Kate,Gianna,2019/09/07 04:43
42,2019/08/20 16:25,0000883a72eb0d46945447ce1aa6bd66aaa6c2df27351cf23486e166,0000b8b4a62b5f220aefc85931f8fca01cd7b2b0a95c3069195c10f3,72177,4,4553.97,Kirsten,Lucia,2019/09/10 06:58
42,2019/08/20 16:25,0000b8b4a62b5f220aefc85931f8fca01cd7b2b0a95c3069195c10f3,0000977ad89d25d93509dc64b8ecc657e8c21e6e256b30d28cb388d1,69148,5,1184.62,Justin,Lilianna,2020/09/13 09:13
42,2019/08/20 16:25,0000977ad89d25d93509dc64b8ecc657e8c21e6e256b30d28cb388d1,0000ce8f6e2cc2b7cc641e4a8c0ea0ae5fb3f1bfffa2d666bcb550cf,81841,6,1077.71,Sofia,Evelyn,2020/09/15 11:28
42,2019/08/20 16:25,0000ce8f6e2cc2b7cc641e4a8c0ea0ae5fb3f1bfffa2d666bcb550cf,00001ac4830fdf302d757eca1b51b59dbdcda52ac0a309e2ea1cb7bb,76525,7,1443.29,Amy,Reid,2021/09/18 13:43
42,2019/08/20 16:25,00001ac4830fdf302d757eca1b51b59dbdcda52ac0a309e2ea1cb7bb,00003ea74df0f2b86e8416d0a8a322ab5b71fe19983f98dca0603aeb,92093,8,4336.77,Derek,Michael,2022/09/21 15:58
43,2019/09/24 18:10,00003ea74df0f2b86e8416d0a8a322ab5b71fe19983f98dca0603aeb,0000099a0fdeacbdfa32389da04545464d61ccd483b075d4ff5e20d4,74321,1,4955.85,Camila,Chester,2019/10/02 00:14
43,2019/09/24 18:10,0000099a0fdeacbdfa32389da04545464d61ccd483b075d4ff5e20d4,0000303b154a4f9e8ed6953c78403fd558a0945cdedbc44ece036080,22150,2,1362.66,Daryl,Walter,2019/10/05 02:29
43,2019/09/24 18:10,0000303b154a4f9e8ed6953c78403fd558a0945cdedbc44ece036080,0000de992effeeb77fb3df267761cb1cd7b6b36d7f760fc5f671827d,98306,3,2335.82,Audrey,Gianna,2019/10/08 04:44
43,2019/09/24 18:10,0000de992effeeb77fb3df267761cb1cd7b6b36d7f760fc5f671827d,00001d8f9b435d9e294e2fef9de2729a27f5aad64baa2f72b61f2dc3,68720,4,4694.17,Daryl,Annabella,2019/10/11 06:59
43,2019/09/24 18:10,00001d8f9b435d9e294e2fef9de2729a27f5aad64baa2f72b61f2dc3,00001bee8fbe66330f7a097e7fd4409cc358323d7933237f8fa993fa,92358,5,3141.82,Owen,Alen,2020/10/14 09:14
43,2019/09/24 18:10,00001bee8fbe66330f7a097e7fd4409cc358323d7933237f8fa993fa,00001e703f256a084a5f11089ce9cd3e9d3890d8ff75f101f9be9d5c,51450,6,3302.62,Owen,Elise,2020/10/16 11:29
43,2019/09/24 18:10,00001e703f256a084a5f11089ce9cd3e9d3890d8ff75f101f9be9d5c,00004b632a3bf31c25f3c334dffbb0bb14ad3ee630ecc605f2c3e706,28088,7,1234.18,Clark,Abraham,2021/10/19 13:44
43,2019/09/24 18:10,00004b632a3bf31c25f3c334dffbb0bb14ad3ee630ecc605f2c3e706,0000625e5311f3b115e08543559978cea87d79941a5e9b03bcd92f3f,67450,8,3236.32,Olivia,Victor,2022/10/22 15:59
44,2019/09/28 03:10,0000625e5311f3b115e08543559978cea87d79941a5e9b03bcd92f3f,000027f488bdddc9522da3a8a8a641ace56fb66ee9622b43a8f7609d,93747,1,2681.38,Spike,Bruce,2019/10/02 00:06
44,2019/09/28 03:10,000027f488bdddc9522da3a8a8a641ace56fb66ee9622b43a8f7609d,00004534970f2abbb038059dd084321854be3c5a2704644ce123b947,40265,2,2087.02,Sabrina,Amy,2019/10/06 02:17
44,2019/09/28 03:10,00004534970f2abbb038059dd084321854be3c5a2704644ce123b947,0000f9c0de33b0fc0d5d409493daa68dbff652290bea66f15df05ca1,47734,3,3880.84,Arianna,Belinda,2019/10/08 04:48
44,2019/09/28 03:10,0000f9c0de33b0fc0d5d409493daa68dbff652290bea66f15df05ca1,00003683edaba314786885c0d423ea62858b8460c99324d88af00a4e,98473,4,2657.64,Aiden,Miley,2019/10/12 06:18
44,2019/09/28 03:10,00003683edaba314786885c0d423ea62858b8460c99324d88af00a4e,0000a7789961852356567d848cbf65312f25d57bcee5848c6f353e9f,16150,5,1317.15,Hailey,Jacob,2020/10/14 08:53
44,2019/09/28 03:10,0000a7789961852356567d848cbf65312f25d57bcee5848c6f353e9f,00008cac2980e71d3d30384667d84b3e2153d94ba6367378840d36b5,69390,6,2432.74,Tess,Amanda,2020/10/16 10:27
44,2019/09/28 03:10,00008cac2980e71d3d30384667d84b3e2153d94ba6367378840d36b5,0000167dc1719829556ab46bd8ee69f01f854b83acb9408358511887,94041,7,4724.18,Tyler,Wilson,2021/10/19 12:51
44,2019/09/28 03:10,0000167dc1719829556ab46bd8ee69f01f854b83acb9408358511887,000089dce3dfb7a55b03bb9a1a9ef2a7fd5b2ccc972a2c1868053f66,18083,8,4140.14,Joyce,Kristian,2022/10/23 14:42
44,2019/09/28 03:10,000089dce3dfb7a55b03bb9a1a9ef2a7fd5b2ccc972a2c1868053f66,0000f5c5dfae076e028170e545117b52167791e711ac68de66c78623,80983,9,3065.36,Honey,Jared,2023/06/01 16:23
45,2019/10/13 15:12,0000f5c5dfae076e028170e545117b52167791e711ac68de66c78623,00004b14fed042a209241d50e6af999ccb5f201fa1e9e6463dfde867,23718,1,3228.02,Justin,Roland,2019/11/05 00:02
45,2019/10/13 15:12,00004b14fed042a209241d50e6af999ccb5f201fa1e9e6463dfde867,00008c388fc0d2d99bf4373de6cefca11444717788ab3d290d7f43a3,41228,2,2916.77,Andrew,Ryan,2019/11/07 01:06
45,2019/10/13 15:12,00008c388fc0d2d99bf4373de6cefca11444717788ab3d290d7f43a3,00003f3fdcaba165271a2140367e1d867d07613c3b54ae535259c3fb,26815,3,2584.92,Alfred,Amanda,2019/11/10 03:11
45,2019/10/13 15:12,00003f3fdcaba165271a2140367e1d867d07613c3b54ae535259c3fb,00003249ce566c53fa78d58bc7e8df6e27ff540713f7f10b908e328a,28697,4,4506.36,Kelvin,George,2019/11/13 05:26
45,2019/10/13 15:12,00003249ce566c53fa78d58bc7e8df6e27ff540713f7f10b908e328a,000004f3f6b78b236fbd4ae67c670edcd212ed6085d17f102cc35b4e,52077,5,3171.52,Naomi,Kimberly,2020/11/15 07:41
45,2019/10/13 15:12,000004f3f6b78b236fbd4ae67c670edcd212ed6085d17f102cc35b4e,000058fa5c14f1fcc36c6051e34d2d21a79f86bff271f75e23b60c65,56703,6,1972.03,Miller,Maria,2021/11/18 09:56
45,2019/10/13 15:12,000058fa5c14f1fcc36c6051e34d2d21a79f86bff271f75e23b60c65,000012a599e476cc58a6fd853fc3e31a0a045c4085c1d736a7920990,21786,7,3246.69,Olivia,Clark,2022/11/21 12:11
45,2019/10/13 15:12,000012a599e476cc58a6fd853fc3e31a0a045c4085c1d736a7920990,000079003f8f9719356cb2739ec7fd7d206b29c51136436895c7f8f1,20135,8,3646.81,Aida,Reid,2022/11/24 14:26
45,2019/10/13 15:12,000079003f8f9719356cb2739ec7fd7d206b29c51136436895c7f8f1,000045acaa3c47b7d798f58f67a58c088909a0113b0d304c5289071e,59395,9,4801.92,Eric,William,2023/06/02 16:41
45,2019/10/13 15:12,000045acaa3c47b7d798f58f67a58c088909a0113b0d304c5289071e,000088abbf958b3d6bfbd19a1a1d2001679af343e8d5f32092bf4c0e,24070,10,4104.03,Jack,Paige,2023/06/02 18:46
46,2019/12/18 18:00,000088abbf958b3d6bfbd19a1a1d2001679af343e8d5f32092bf4c0e,000099fa229cacfb35fccb22175931e5d9fdc1caa980d72335f0bed0,28618,1,1573.19,Emma,Catherine,2020/01/03 00:17
46,2019/12/18 18:00,000099fa229cacfb35fccb22175931e5d9fdc1caa980d72335f0bed0,0000611f0d7dff850ad7f95dc46cf8003fa681825e729158ef65807b,17984,2,2293.46,Frederick,Edwin,2020/01/05 02:32
46,2019/12/18 18:00,0000611f0d7dff850ad7f95dc46cf8003fa681825e729158ef65807b,0000a159fa30049aa985dc4798e1f0c1d3bbee0e6e28604de372250b,40808,3,2899.19,Julia,Michael,2020/01/07 04:47
46,2019/12/18 18:00,0000a159fa30049aa985dc4798e1f0c1d3bbee0e6e28604de372250b,000062c01739eb7ea8cd2b8d7f2b9bab078849c550d01783c22f2561,71649,4,4559.59,Amelia,Amelia,2020/01/10 07:02
46,2019/12/18 18:00,000062c01739eb7ea8cd2b8d7f2b9bab078849c550d01783c22f2561,0000eac24f9235cde1d3dca4df5e3202a2b010a910aa84bbfa966c23,35744,5,3797.36,Chester,Kelvin,2021/01/13 09:17
46,2019/12/18 18:00,0000eac24f9235cde1d3dca4df5e3202a2b010a910aa84bbfa966c23,00008625c336190e600db814806912285a31ef179f7f3b808b46e83b,57237,6,1707.11,Max,Kate,2021/01/16 11:32
46,2019/12/18 18:00,00008625c336190e600db814806912285a31ef179f7f3b808b46e83b,0000b973fe7e41c986cbf12ba03b769ed5241e577f2f02d5a432bb83,73645,7,1900.43,Valeria,Kevin,2022/01/19 13:47
46,2019/12/18 18:00,0000b973fe7e41c986cbf12ba03b769ed5241e577f2f02d5a432bb83,000040507b5a780875d6695c4b2e865d6ee9667c0f72601df49f0e56,91155,8,2558.38,Abraham,Amy,2022/01/22 15:02
46,2019/12/18 18:00,000040507b5a780875d6695c4b2e865d6ee9667c0f72601df49f0e56,0000679521cb68be914db4efb91637b4da177918b9050ebebc5fb0f7,99491,9,2664.67,Michelle,Melanie,2022/01/25 17:17
46,2019/12/18 18:00,0000679521cb68be914db4efb91637b4da177918b9050ebebc5fb0f7,000015eecbc9ade0193efbe4a81eead35446c942640be4953ff38d86,48268,10,3573.56,Max,Wilson,2023/06/02 19:32
47,2019/12/29 04:15,000015eecbc9ade0193efbe4a81eead35446c942640be4953ff38d86,000083eeeb26fd7480d6f58024d5dffd73e02baf5fa7d225cec9a0f9,35783,1,2656.45,Aldus,Maddie,2020/01/03 00:02
47,2019/12/29 04:15,000083eeeb26fd7480d6f58024d5dffd73e02baf5fa7d225cec9a0f9,0000297acb506139660c63dcdcb3d753bbd82bc1c087c9e3498ea841,73506,2,1621.67,Kristian,Sofia,2020/01/04 00:04
47,2019/12/29 04:15,0000297acb506139660c63dcdcb3d753bbd82bc1c087c9e3498ea841,0000293d7e245ec6faf96ca0946e8f20e1f16e9338ba1c1b358f2686,32758,3,1957.72,Adrian,Henry,2020/01/07 02:15
47,2019/12/29 04:15,0000293d7e245ec6faf96ca0946e8f20e1f16e9338ba1c1b358f2686,00002dc8a4dd9a42c5ccfa9d1a69bc27cdc57349a666a3aaf3de2b45,60251,4,3184.68,Spike,Antony,2020/01/09 03:42
47,2019/12/29 04:15,00002dc8a4dd9a42c5ccfa9d1a69bc27cdc57349a666a3aaf3de2b45,00002cfd035d498f4b2797d18ed4f1ec48c3106c306255b50cd0909b,48696,5,4999.72,Eddy,Eleanor,2020/01/12 05:16
47,2019/12/29 04:15,00002cfd035d498f4b2797d18ed4f1ec48c3106c306255b50cd0909b,0000f87bc15bf7e8869637c4f0b18bd469794eac61785837a0ca61eb,17807,6,4642.92,Sofia,Elian,2020/01/16 07:32
47,2019/12/29 04:15,0000f87bc15bf7e8869637c4f0b18bd469794eac61785837a0ca61eb,00003d9bba409d50d1ba112c15b3306199eb72554901204c39aed51a,37167,7,4362.87,Sarah,Brianna,2020/01/19 08:54
47,2019/12/29 04:15,00003d9bba409d50d1ba112c15b3306199eb72554901204c39aed51a,0000d8cd747eedd31161a45698c58d2c90182bd88ecd6ddb45bf4a02,73299,8,2959.63,Chester,Henry,2020/01/21 09:21
47,2019/12/29 04:15,0000d8cd747eedd31161a45698c58d2c90182bd88ecd6ddb45bf4a02,0000a300972a73ab8d500205f3313f113a09a3f1c3cf62083b2eaaad,39690,9,2608.05,Elian,Amanda,2020/01/24 11:06
47,2019/12/29 04:15,0000a300972a73ab8d500205f3313f113a09a3f1c3cf62083b2eaaad,00008712b464cb9fd3cc4b858a3cd8eef5a1bc1602af662a90ab21ef,45080,10,3334.07,James,Heather,2020/01/28 12:42
47,2019/12/29 04:15,00008712b464cb9fd3cc4b858a3cd8eef5a1bc1602af662a90ab21ef,00005b81f313023fd3ae269e407a4c8094e6bf07889e37cf5962942d,96454,11,1426.28,Honey,Joyce,2020/01/29 13:52
47,2019/12/29 04:15,00005b81f313023fd3ae269e407a4c8094e6bf07889e37cf5962942d,0000ebf19182b0e01b5e2050f34c31066fa761bfebb7e8eabdf7f1fc,42977,12,1937.71,Ada,Alen,2020/01/31 14:26
47,2019/12/29 04:15,0000ebf19182b0e01b5e2050f34c31066fa761bfebb7e8eabdf7f1fc,0000b7ccaa19a9d485a4bc215590fde5f3ccc832719af3a587820d3a,39150,13,4567.06,Andrew,Adele,2022/01/01 16:34
47,2019/12/29 04:15,0000b7ccaa19a9d485a4bc215590fde5f3ccc832719af3a587820d3a,0000544d4b619c3d027fad5ead3b81b9837fd61d85ff3884672907e7,89115,14,1421.85,Elian,Lydia,2022/01/02 17:48
47,2019/12/29 04:15,0000544d4b619c3d027fad5ead3b81b9837fd61d85ff3884672907e7,000003d981e9b9137bdc134f61a0c42115193f4de3bff1f55af8c94c,86271,15,2146.62,Florrie,Michael,2022/01/03 18:25
47,2019/12/29 04:15,000003d981e9b9137bdc134f61a0c42115193f4de3bff1f55af8c94c,000042cb4b71f21a1f3d34cb24e5dac70151b7b6bf07d0570a4fca76,57602,16,1798.27,Maya,Kimberly,2022/01/05 20:11
47,2019/12/29 04:15,000042cb4b71f21a1f3d34cb24e5dac70151b7b6bf07d0570a4fca76,0000053b401cebc8b5286efd69d4d227f89d90fea0ed1ed7e07e0ca1,93253,17,4834.11,Deanna,Alexia,2023/06/01 21:33
47,2019/12/29 04:15,0000053b401cebc8b5286efd69d4d227f89d90fea0ed1ed7e07e0ca1,000026183b8bd587f14bd32aeefa938464e6bad15f3aa5ff0221feb5,23008,18,4506.72,Amy,Vivian,2023/06/02 22:41
48,2020/02/01 00:15,000026183b8bd587f14bd32aeefa938464e6bad15f3aa5ff0221feb5,00005fb876b7c268d639a2ac17a84657c549312167c048cde522e19c,39821,1,2876.53,George,Walter,2020/03/01 00:04
48,2020/02/01 00:15,00005fb876b7c268d639a2ac17a84657c549312167c048cde522e19c,00008a37b72c1ab689a49a618d199684b08edb8e76f50b52098fd6e7,16423,2,2379.65,Steven,Patrick,2020/03/05 02:19
48,2020/02/01 00:15,00008a37b72c1ab689a49a618d199684b08edb8e76f50b52098fd6e7,0000d5a5907ba14395c8aa70bbdceacde0cd53012fad0b2afda3fece,73388,3,3814.06,Abraham,Chelsea,2020/03/07 03:42
48,2020/02/01 00:15,0000d5a5907ba14395c8aa70bbdceacde0cd53012fad0b2afda3fece,0000bd41c7b529cd825108e66014275b54eadf0ed90d45a53c7b77e4,60678,4,4028.96,Kimberly,Lily,2020/03/11 05:15
48,2020/02/01 00:15,0000bd41c7b529cd825108e66014275b54eadf0ed90d45a53c7b77e4,0000ce7de22399dc57dbc067becc97963351a03dd1d113c932f0da21,95838,5,1229.68,Lily,Tara,2020/03/12 06:25
48,2020/02/01 00:15,0000ce7de22399dc57dbc067becc97963351a03dd1d113c932f0da21,0000e7d21d297c962b45bebcc6f92dee7fd862c71a2b3144508102eb,51085,6,4024.07,Kate,Aida,2020/03/14 08:02
48,2020/02/01 00:15,0000e7d21d297c962b45bebcc6f92dee7fd862c71a2b3144508102eb,00006c6dc24c9d18c4ba589c692c1c57645e0cf572099e97e959d9de,86956,7,2696.15,Jenna,Julia,2020/03/16 09:46
48,2020/02/01 00:15,00006c6dc24c9d18c4ba589c692c1c57645e0cf572099e97e959d9de,0000a5fd4bcffc6f1a6ae398e80aca3fd52fc1374bac5f7922648cf4,80417,8,2572.84,Harold,Daniel,2020/03/18 11:31
48,2020/02/01 00:15,0000a5fd4bcffc6f1a6ae398e80aca3fd52fc1374bac5f7922648cf4,0000109c0341acc871b9a5048190b6cc1e2525a6945fb3d4505d9d45,29459,9,3048.16,Sienna,Kelvin,2020/03/21 12:51
48,2020/02/01 00:15,0000109c0341acc871b9a5048190b6cc1e2525a6945fb3d4505d9d45,0000c3027f2f0ffce804dd495f0c8ccf860b459f3eaeff81f6fcbed5,17294,10,2352.22,Julian,Dominik,2020/03/23 14:23
48,2020/02/01 00:15,0000c3027f2f0ffce804dd495f0c8ccf860b459f3eaeff81f6fcbed5,00009ebfdb80d29482733b50c98b6d35cb7905e8cb75083d927dbf90,56401,11,2703.01,Natalie,Michael,2020/03/25 16:01
48,2020/02/01 00:15,00009ebfdb80d29482733b50c98b6d35cb7905e8cb75083d927dbf90,000007e0452a5b8fc9c538e9dd70ba684d8e5be148bf5fcbe96b4e76,63421,12,1222.46,Adrianna,James,2020/03/27 17:45
48,2020/02/01 00:15,000007e0452a5b8fc9c538e9dd70ba684d8e5be148bf5fcbe96b4e76,00001c43079f51e1e5f243b7be9155d693de3b8bba15625929b50f2f,86956,13,4600.71,Chloe,Tara,2020/03/29 19:11
48,2020/02/01 00:15,00001c43079f51e1e5f243b7be9155d693de3b8bba15625929b50f2f,0000e6bf96eb4c5eb9d0d5ee282d78567cb1070955003f86979d9b8c,50615,14,4473.94,Florrie,Maximilian,2021/03/02 20:34
48,2020/02/01 00:15,0000e6bf96eb4c5eb9d0d5ee282d78567cb1070955003f86979d9b8c,000097508d9d0c5b8290245a3959cb0210cac0c640e6a7086c95962a,80254,15,4705.56,Penelope,Briony,2021/03/04 22:12
48,2020/02/01 00:15,000097508d9d0c5b8290245a3959cb0210cac0c640e6a7086c95962a,0000cc01ef7064ef2dc800b0ea878ef53995078c3e4f34703b07dfcf,65322,16,2530.57,Melissa,Preston,2021/03/07 23:53
48,2020/02/01 00:15,0000cc01ef7064ef2dc800b0ea878ef53995078c3e4f34703b07dfcf,00008f0fd8bc6e7f3391ed5fc6f8ef93d33ff85c758e0fdbeb788ce4,23488,17,3267.31,Lily,Valeria,2021/03/11 01:17
48,2020/02/01 00:15,00008f0fd8bc6e7f3391ed5fc6f8ef93d33ff85c758e0fdbeb788ce4,00004589a27a5823f4d672ed7605c67e6b4f3a15dc442e618c85004e,45325,18,2557.61,Sam,Adelaide,2022/03/14 02:45
48,2020/02/01 00:15,00004589a27a5823f4d672ed7605c67e6b4f3a15dc442e618c85004e,00006cd6c8a8d5bac3f5159a8c363d74d48ea979f5ba632eb106ff96,78331,19,2635.95,Miley,Kelvin,2022/03/16 04:24
48,2020/02/01 00:15,00006cd6c8a8d5bac3f5159a8c363d74d48ea979f5ba632eb106ff96,0000a62d03b41715c596dffe15e9052d6015d58100d33e055f9dc13b,17680,20,3713.07,Alissa,Clark,2022/03/19 06:08
48,2020/02/01 00:15,0000a62d03b41715c596dffe15e9052d6015d58100d33e055f9dc13b,000029f2da07e5b88d1e48a99c2e2df5b68ae6530f27d167c99a50a9,37644,21,4972.95,Sawyer,Vincent,2023/06/01 07:39
48,2020/02/01 00:15,000029f2da07e5b88d1e48a99c2e2df5b68ae6530f27d167c99a50a9,0000e345007e54fa9c475f5d4fcfc1aedd6e0a12cce93ae0592e20d7,61929,22,1336.38,Lydia,Bruce,2023/06/03 08:56
49,2020/05/13 02:13,0000e345007e54fa9c475f5d4fcfc1aedd6e0a12cce93ae0592e20d7,0000fda7d6f8e223ddf91e2cb107fcbd59bdf11c7cdd5364cf3f41df,95787,1,1766.38,Frederick,Thomas,2020/06/02 00:11
49,2020/05/13 02:13,0000fda7d6f8e223ddf91e2cb107fcbd59bdf11c7cdd5364cf3f41df,000027b6ed8b0f161d0358ca368f6c656e89cdf56fa6a135d004299c,44242,2,3519.29,Sabrina,Sofia,2020/06/03 00:57
49,2020/05/13 02:13,000027b6ed8b0f161d0358ca368f6c656e89cdf56fa6a135d004299c,000008dbc3b909c2bf3c8ab1c1f2a4398bc00d2383b92c562aa60225,92931,3,2840.96,Miley,Edith,2020/06/06 02:22
49,2020/05/13 02:13,000008dbc3b909c2bf3c8ab1c1f2a4398bc00d2383b92c562aa60225,0000791f38aa706b14c4f96dbb7f94f21ec49566021be4a5da9c857f,54694,4,3090.38,George,Valeria,2020/06/10 04:04
49,2020/05/13 02:13,0000791f38aa706b14c4f96dbb7f94f21ec49566021be4a5da9c857f,0000c56f821e67c27c4e7c7fd546f0e172389dc0f7d736e73a86d1af,27682,5,1143.91,Amy,Dale,2020/06/12 05:30
49,2020/05/13 02:13,0000c56f821e67c27c4e7c7fd546f0e172389dc0f7d736e73a86d1af,00002170698c472781802243771888502f2ab83737534ca83a60d46b,27800,6,3976.91,Brooke,Maximilian,2020/06/13 06:45
49,2020/05/13 02:13,00002170698c472781802243771888502f2ab83737534ca83a60d46b,0000d8b9a239cd5ac5ce7078bf40ede399ecef834473324b88c794c8,15028,7,4168.04,Amber,Florrie,2020/06/15 08:18
49,2020/05/13 02:13,0000d8b9a239cd5ac5ce7078bf40ede399ecef834473324b88c794c8,0000205642d41b7869899811fe433803df3d614037095087b4ccce23,52519,8,3116.65,Kelsey,Mary,2020/06/19 09:56
49,2020/05/13 02:13,0000205642d41b7869899811fe433803df3d614037095087b4ccce23,0000cc89a53a19e509c3cbae9a2965ac33b7814e0a2cc62204d5a8be,68364,9,1740.81,Maria,Nicholas,2020/06/21 11:20
49,2020/05/13 02:13,0000cc89a53a19e509c3cbae9a2965ac33b7814e0a2cc62204d5a8be,00007b587acfbd467ce5861ac5914bd919976d78ef0a0c1def3d8876,98889,10,3656.24,Cherry,Alexander,2020/06/23 12:35
49,2020/05/13 02:13,00007b587acfbd467ce5861ac5914bd919976d78ef0a0c1def3d8876,00000b203d9ed60f0b9e2f2c12c965c200cf1dde79d056a701393ba7,68105,11,3666.59,Edwin,Alexander,2020/06/27 14:11
49,2020/05/13 02:13,00000b203d9ed60f0b9e2f2c12c965c200cf1dde79d056a701393ba7,000087f529a8f216e0d3b0f20db5d46f08b6f0a6cfa1e4e2c3524595,43786,12,2002.26,Ted,Aldus,2020/06/30 16:00
49,2020/05/13 02:13,000087f529a8f216e0d3b0f20db5d46f08b6f0a6cfa1e4e2c3524595,0000e1417a77c48f97feec9eff184d5645cb9ff4e72512d8d7b421a0,33240,13,3073.26,Melissa,Byron,2021/06/02 17:41
49,2020/05/13 02:13,0000e1417a77c48f97feec9eff184d5645cb9ff4e72512d8d7b421a0,0000ff8b67fa8028fd6862b749eecf4890a6d5605400dfbeaf8ccaae,84901,14,3885.67,Lilianna,Brooke,2021/06/06 19:08
49,2020/05/13 02:13,0000ff8b67fa8028fd6862b749eecf4890a6d5605400dfbeaf8ccaae,00002f297d4053cbe2e693ddd49271d9f60ef86bad3c6c4c542b9624,35004,15,4795.41,Henry,Charlotte,2021/06/08 20:23
49,2020/05/13 02:13,00002f297d4053cbe2e693ddd49271d9f60ef86bad3c6c4c542b9624,000071d0669e15cffb6e7c9f5d850195e52d6596306310439ee49d17,33907,16,3675.15,George,Melanie,2021/06/11 21:46
49,2020/05/13 02:13,000071d0669e15cffb6e7c9f5d850195e52d6596306310439ee49d17,0000354a69734cd8b7071a59a2c09934655e1e72fb286ff5f3673152,53327,17,1320.98,Aida,Eddy,2021/06/15 23:20
49,2020/05/13 02:13,0000354a69734cd8b7071a59a2c09934655e1e72fb286ff5f3673152,00008976a0e8d5153921b6a1840cda78ca8e67584b372c19a0724aae,44209,18,4716.24,Nicole,Maya,2022/06/17 00:37
49,2020/05/13 02:13,00008976a0e8d5153921b6a1840cda78ca8e67584b372c19a0724aae,0000910d2decd6a7113025448984736e528ce47d3f281f50769e1503,42738,19,1973.54,Fiona,Preston,2022/06/19 02:02
49,2020/05/13 02:13,0000910d2decd6a7113025448984736e528ce47d3f281f50769e1503,0000211b761dcd08fc7b21373e7622754a01b8f89c91118460f225a1,17702,20,1006.39,Adison,Victor,2022/06/22 03:43
49,2020/05/13 02:13,0000211b761dcd08fc7b21373e7622754a01b8f89c91118460f225a1,00006ac358b8a30b0bd498d0029b7dd90faa0104d5fffb1a4e817629,60595,21,3127.62,Jack,Michelle,2022/06/26 05:11
49,2020/05/13 02:13,00006ac358b8a30b0bd498d0029b7dd90faa0104d5fffb1a4e817629,000062fbfa42fef000f8376d020bbbbfcfb51f2c49c391ea85c7c9a9,42699,22,3650.54,Kimberly,Myra,2022/06/28 06:25
49,2020/05/13 02:13,000062fbfa42fef000f8376d020bbbbfcfb51f2c49c391ea85c7c9a9,0000ba6b0eed11b4e787e3a8a4429dd8bf3ec45a0df36056b494d8a0,91663,23,2583.94,Dainton,Brianna,2022/06/30 07:40
49,2020/05/13 02:13,0000ba6b0eed11b4e787e3a8a4429dd8bf3ec45a0df36056b494d8a0,00005b05c71471f508ff39c68b22bd358615798623413ad637f2b5f7,18221,24,4702.98,Michelle,Adrian,2023/06/01 08:56
49,2020/05/13 02:13,00005b05c71471f508ff39c68b22bd358615798623413ad637f2b5f7,000080120f70226651418438ff90ff10ae6ddd9c9db8614376e72642,93257,25,4588.96,Robert,Vivian,2023/06/03 10:19
50,2020/06/25 03:15,000080120f70226651418438ff90ff10ae6ddd9c9db8614376e72642,00001e1701c663f2004effeb35638f93a54b9bde50288c823ab36377,36838,1,4267.59,Daniel,Kelsey,2023/06/06 11:58
50,2020/06/25 03:15,00001e1701c663f2004effeb35638f93a54b9bde50288c823ab36377,00005ce5aff822a87d783d4206316a03ffb743d3765cefd11ec06c0e,66119,2,2447.61,Robert,Belinda,2020/07/03 00:12
50,2020/06/25 03:15,00005ce5aff822a87d783d4206316a03ffb743d3765cefd11ec06c0e,000083c56b47bd45c463d85f372f4af37a1346914edeafe13fce2f12,91008,3,2129.46,Arthur,Chelsea,2020/07/07 01:42
50,2020/06/25 03:15,000083c56b47bd45c463d85f372f4af37a1346914edeafe13fce2f12,0000d2e9747c0c4a69cd3611bdded2128a3988cc25217e391bee2406,78988,4,4001.83,Luke,Sawyer,2020/07/09 02:25
50,2020/06/25 03:15,0000d2e9747c0c4a69cd3611bdded2128a3988cc25217e391bee2406,00001eb8a5871b911f43a1a14495f5effa44db6df8a583c783f22263,33264,5,1587.47,Lydia,Oliver,2020/07/14 04:31
50,2020/06/25 03:15,00001eb8a5871b911f43a1a14495f5effa44db6df8a583c783f22263,0000358189dd71ae3a15abae4f2998ed8613bd859dc0b80a38cbfcba,46558,6,1026.71,Sarah,Tess,2020/07/15 05:12
50,2020/06/25 03:15,0000358189dd71ae3a15abae4f2998ed8613bd859dc0b80a38cbfcba,0000faefe56bb9c3ca56ac7a32c7fa3ca4a37775001466700e88cd16,35591,7,3617.13,Marcus,Maya,2020/07/18 06:45
50,2020/06/25 03:15,0000faefe56bb9c3ca56ac7a32c7fa3ca4a37775001466700e88cd16,00009da503694c3925a8572b18561ad45c7bd18bba94aeb31d053b24,32397,8,1052.64,Daniel,Alen,2020/07/21 08:22
50,2020/06/25 03:15,00009da503694c3925a8572b18561ad45c7bd18bba94aeb31d053b24,00001118c66c88916bb98e99b5ee194c3ce14263afdf4d4574905c6c,98983,9,1354.09,Ellia,Penelope,2020/07/26 10:31
50,2020/06/25 03:15,00001118c66c88916bb98e99b5ee194c3ce14263afdf4d4574905c6c,000075e15f30965e239d2d83bf15893e3a578ab4e0c9245939c278ec,76691,10,4082.18,Agata,Rebecca,2020/07/28 11:04
50,2020/06/25 03:15,000075e15f30965e239d2d83bf15893e3a578ab4e0c9245939c278ec,0000a0f6e2b843db8d43680106fdfa2fbc7bec7b24ae97f98f6bea5e,95514,11,2297.59,Aldus,Victor,2020/07/31 12:57
50,2020/06/25 03:15,0000a0f6e2b843db8d43680106fdfa2fbc7bec7b24ae97f98f6bea5e,000021e0c1605c32d08b0754d5ebc0cf0f3365be0ca2ebf11faea4cb,43273,12,2442.06,Adele,Clark,2021/07/01 14:18
50,2020/06/25 03:15,000021e0c1605c32d08b0754d5ebc0cf0f3365be0ca2ebf11faea4cb,000034f38fc57c15cc6cc17813de6746425ee322a63a619e9418893d,23163,13,3817.69,Agata,Edgar,2021/07/06 15:43
50,2020/06/25 03:15,000034f38fc57c15cc6cc17813de6746425ee322a63a619e9418893d,0000854d5254c2b3a348c4f016bdc20fbb40690b4c63357cfefaccd6,99791,14,1697.15,Deanna,Kevin,2021/07/09 17:10
50,2020/06/25 03:15,0000854d5254c2b3a348c4f016bdc20fbb40690b4c63357cfefaccd6,000083b460e70a45d406cf026ccd80b511f8d503f8f218041e07bccd,72018,15,1754.23,Harold,Maddie,2021/07/12 18:27
50,2020/06/25 03:15,000083b460e70a45d406cf026ccd80b511f8d503f8f218041e07bccd,0000c63864931da278918a20ab4e75885007fa192f30e92da677cfde,60544,16,1662.57,Ashton,Kirsten,2021/07/16 19:53
50,2020/06/25 03:15,0000c63864931da278918a20ab4e75885007fa192f30e92da677cfde,00008775dc02d144b3a30013ef962cf76d63636d7845f4d8f51c8278,18139,17,4980.21,Kristian,Charlie,2021/07/20 21:22
50,2020/06/25 03:15,00008775dc02d144b3a30013ef962cf76d63636d7845f4d8f51c8278,0000308eef2640bbf714550b7d936a1b0f3f3c5c24d4aa12a7acfd55,24983,18,2688.52,Stella,Kirsten,2021/07/23 22:39
50,2020/06/25 03:15,0000308eef2640bbf714550b7d936a1b0f3f3c5c24d4aa12a7acfd55,0000cbd22a52435aa0eaf72d93baf5850061634fb775378bd1d64464,62917,19,3687.51,Kevin,Adrianna,2021/07/27 23:58
50,2020/06/25 03:15,0000cbd22a52435aa0eaf72d93baf5850061634fb775378bd1d64464,00000b510e1fbdb1e9c22ba0ef1ab5c4da5d6af24422d09374deaa4b,67464,20,2493.32,Aiden,Valeria,2022/07/01 01:34
50,2020/06/25 03:15,00000b510e1fbdb1e9c22ba0ef1ab5c4da5d6af24422d09374deaa4b,0000ced439f50fc2e627d24ff28e690b8e76f2270eb0b1bbfc1b74e2,91503,21,4047.19,Kirsten,Kelvin,2022/07/03 03:01
50,2020/06/25 03:15,0000ced439f50fc2e627d24ff28e690b8e76f2270eb0b1bbfc1b74e2,0000b3767a26f5c8c354f9c73128e8dc7423b607e2323c8809745fa1,96085,22,2585.09,Arianna,Kellan,2022/07/06 04:19
50,2020/06/25 03:15,0000b3767a26f5c8c354f9c73128e8dc7423b607e2323c8809745fa1,000072369e104ad53bb6f778fbabc2bd3da33d4d1c2c023ca743811a,53275,23,1602.22,Carlos,Lily,2022/07/10 06:04
50,2020/06/25 03:15,000072369e104ad53bb6f778fbabc2bd3da33d4d1c2c023ca743811a,00009da503694c3925a8572b18561ad45c7bd18bba94aeb31d053abc,54537,24,3127.93,Dominik,Jasmine,2022/07/14 07:24
